AGS;GEMEINDE;STT;STADTTEIL;STADTVIERTEL;Stand_Einwohner;EINW_HW_GESAMT;EINW_HW_FRAUEN;EINW_HW_DEUTSCH;EINW_HW_NICHTDEUTSCH;EINW_HW_unter18;EINW_HW_18_bis_unter_30;EINW_HW_30_bis_unter_40;EINW_HW_40_bis_unter_50;EINW_HW_50_bis_unter_60;EINW_HW_60_und_aelter;Haushalte
8335043;Konstanz;"""010""";Altstadt;"""0101""";31.12.2023;1270;660;1004;266;127;402;204;143;158;236;870
8335043;Konstanz;"""010""";Altstadt;"""0102""";31.12.2023;1767;910;1402;365;244;430;291;221;201;380;1083
8335043;Konstanz;"""010""";Altstadt;"""0103""";31.12.2023;2963;1532;2469;494;422;579;489;368;380;725;1729
8335043;Konstanz;"""010""";Altstadt;"""0104""";31.12.2023;2042;1127;1820;222;304;440;269;255;293;481;1215
8335043;Konstanz;"""010""";Altstadt;"""0105""";31.12.2023;1558;830;1331;227;271;348;278;210;180;271;844
8335043;Konstanz;"""010""";Altstadt;"""0106""";31.12.2023;1216;632;1006;210;113;292;228;126;122;335;820
8335043;Konstanz;"""010""";Altstadt;"""0107""";31.12.2023;1495;780;1213;282;173;383;235;184;147;373;982
8335043;Konstanz;"""010""";Altstadt;"""010""";31.12.2023;12311;6471;10245;2066;1654;2874;1994;1507;1481;2801;7543
8335043;Konstanz;"""020""";Paradies;"""0201""";31.12.2023;2735;1447;2399;336;362;460;400;284;398;831;1660
8335043;Konstanz;"""020""";Paradies;"""0202""";31.12.2023;1623;921;1397;226;171;321;225;163;204;539;1055
8335043;Konstanz;"""020""";Paradies;"""0203""";31.12.2023;1055;469;848;207;NA;1024;19;6;4;NA;651
8335043;Konstanz;"""020""";Paradies;"""0204""";31.12.2023;610;331;582;28;97;102;85;57;106;163;330
8335043;Konstanz;"""020""";Paradies;"""020""";31.12.2023;6023;3168;5226;797;632;1907;729;510;712;1533;3696
8335043;Konstanz;"""030""";Petershausen-West;"""0301""";31.12.2023;1034;532;764;270;135;275;198;110;131;185;621
8335043;Konstanz;"""030""";Petershausen-West;"""0302""";31.12.2023;1671;829;1122;549;267;401;251;200;203;349;905
8335043;Konstanz;"""030""";Petershausen-West;"""0303""";31.12.2023;6088;3157;4831;1257;842;1779;1126;603;634;1104;3631
8335043;Konstanz;"""030""";Petershausen-West;"""0304""";31.12.2023;3540;1781;2636;904;482;1112;564;363;342;677;2190
8335043;Konstanz;"""030""";Petershausen-West;"""0305""";31.12.2023;1874;982;1569;305;315;390;242;208;260;459;1036
8335043;Konstanz;"""030""";Petershausen-West;"""0306""";31.12.2023;1968;1042;1630;338;226;535;320;204;235;448;1228
8335043;Konstanz;"""030""";Petershausen-West;"""030""";31.12.2023;16175;8323;12552;3623;2267;4492;2701;1688;1805;3222;9611
8335043;Konstanz;"""035""";Petershausen-Ost;"""0351""";31.12.2023;2261;1277;1678;583;333;549;345;227;219;588;1357
8335043;Konstanz;"""035""";Petershausen-Ost;"""0352""";31.12.2023;1374;737;1228;146;184;201;163;140;169;517;784
8335043;Konstanz;"""035""";Petershausen-Ost;"""0353""";31.12.2023;1262;675;1128;134;155;195;168;109;165;470;754
8335043;Konstanz;"""035""";Petershausen-Ost;"""0354""";31.12.2023;1129;642;1031;98;103;87;67;65;151;656;663
8335043;Konstanz;"""035""";Petershausen-Ost;"""0355""";31.12.2023;1306;668;1196;110;195;230;155;113;204;409;714
8335043;Konstanz;"""035""";Petershausen-Ost;"""035""";31.12.2023;7332;3999;6261;1071;970;1262;898;654;908;2640;4272
8335043;Konstanz;"""040""";Koenigsbau;"""0401""";31.12.2023;1273;649;1032;241;126;407;141;110;159;330;789
8335043;Konstanz;"""040""";Koenigsbau;"""0402""";31.12.2023;1846;990;1357;489;451;271;289;221;237;377;850
8335043;Konstanz;"""040""";Koenigsbau;"""0403""";31.12.2023;2549;1353;1996;553;310;1277;231;193;162;376;1402
8335043;Konstanz;"""040""";Koenigsbau;"""0404""";31.12.2023;922;480;794;128;168;163;118;116;119;238;477
8335043;Konstanz;"""040""";Koenigsbau;"""040""";31.12.2023;6590;3472;5179;1411;1055;2118;779;640;677;1321;3518
8335043;Konstanz;"""050""";Allmannsdorf;"""0501""";31.12.2023;1672;902;1521;151;241;266;158;181;251;575;931
8335043;Konstanz;"""050""";Allmannsdorf;"""0502""";31.12.2023;1344;718;1129;215;204;234;183;140;198;385;732
8335043;Konstanz;"""050""";Allmannsdorf;"""0503""";31.12.2023;2400;1282;2125;275;264;561;271;205;325;774;1443
8335043;Konstanz;"""050""";Allmannsdorf;"""050""";31.12.2023;5416;2902;4775;641;709;1061;612;526;774;1734;3106
8335043;Konstanz;"""060""";Staad;"""0601""";31.12.2023;1019;537;934;85;127;133;112;112;152;383;587
8335043;Konstanz;"""060""";Staad;"""0602""";31.12.2023;795;423;709;86;130;119;90;98;108;250;423
8335043;Konstanz;"""060""";Staad;"""060""";31.12.2023;1814;960;1643;171;257;252;202;210;260;633;1010
8335043;Konstanz;"""070""";Fuerstenberg;"""0701""";31.12.2023;4441;2295;3473;968;611;1330;581;431;501;987;2616
8335043;Konstanz;"""070""";Fuerstenberg;"""0702""";31.12.2023;3291;1700;2716;575;453;634;507;342;399;956;1873
8335043;Konstanz;"""070""";Fuerstenberg;"""0703""";31.12.2023;2167;1138;1859;308;342;388;269;248;261;659;1177
8335043;Konstanz;"""070""";Fuerstenberg;"""0704""";31.12.2023;2591;1339;1861;730;357;549;414;294;344;633;1535
8335043;Konstanz;"""070""";Fuerstenberg;"""070""";31.12.2023;12490;6472;9909;2581;1763;2901;1771;1315;1505;3235;7201
8335043;Konstanz;"""080""";Wollmatingen;"""0801""";31.12.2023;2672;1400;2023;649;573;418;367;324;382;608;1362
8335043;Konstanz;"""080""";Wollmatingen;"""0802""";31.12.2023;2174;1110;1895;279;403;428;259;270;351;463;1047
8335043;Konstanz;"""080""";Wollmatingen;"""0803""";31.12.2023;1897;988;1667;230;278;347;237;204;325;506;1012
8335043;Konstanz;"""080""";Wollmatingen;"""080""";31.12.2023;6743;3498;5585;1158;1254;1193;863;798;1058;1577;3421
8335043;Konstanz;"""090""";Industriegebiet;"""0901""";31.12.2023;777;342;479;298;134;160;117;92;115;159;383
8335043;Konstanz;"""090""";Industriegebiet;"""0902""";31.12.2023;129;61;67;62;15;27;17;16;26;28;83
8335043;Konstanz;"""090""";Industriegebiet;"""0903""";31.12.2023;309;99;53;256;90;97;50;16;29;27;124
8335043;Konstanz;"""090""";Industriegebiet;"""090""";31.12.2023;1215;502;599;616;239;284;184;124;170;214;590
8335043;Konstanz;"""100""";Egg;"""1001""";31.12.2023;805;410;695;110;174;141;68;116;112;194;380
8335043;Konstanz;"""100""";Egg;"""100""";31.12.2023;805;410;695;110;174;141;68;116;112;194;380
8335043;Konstanz;"""110""";Litzelstetten;"""1101""";31.12.2023;1734;901;1565;169;251;272;169;168;277;597;934
8335043;Konstanz;"""110""";Litzelstetten;"""1102""";31.12.2023;2038;1096;1819;219;272;277;215;210;291;773;1132
8335043;Konstanz;"""110""";Litzelstetten;"""1103""";31.12.2023;46;13;8;38;5;8;11;7;11;4;28
8335043;Konstanz;"""110""";Litzelstetten;"""110""";31.12.2023;3818;2010;3392;426;528;557;395;385;579;1374;2094
8335043;Konstanz;"""120""";Dingelsdorf;"""1201""";31.12.2023;1779;895;1637;142;272;225;209;168;274;631;918
8335043;Konstanz;"""120""";Dingelsdorf;"""1202""";31.12.2023;299;153;263;36;33;40;28;27;43;128;149
8335043;Konstanz;"""120""";Dingelsdorf;"""120""";31.12.2023;2078;1048;1900;178;305;265;237;195;317;759;1067
8335043;Konstanz;"""130""";Dettingen;"""1301""";31.12.2023;1595;805;1387;208;311;202;157;229;199;497;768
8335043;Konstanz;"""130""";Dettingen;"""1302""";31.12.2023;1825;958;1632;193;326;219;215;212;274;579;916
8335043;Konstanz;"""130""";Dettingen;"""130""";31.12.2023;3420;1763;3019;401;637;421;372;441;473;1076;1684
8335043;Konstanz;"""140""";Wallhausen;"""1401""";31.12.2023;1130;587;972;158;165;148;134;142;168;373;647
8335043;Konstanz;"""140""";Wallhausen;"""140""";31.12.2023;1130;587;972;158;165;148;134;142;168;373;647
8335043;Konstanz;.;Stadt Konstanz;.;31.12.2023;87360;45585;71952;15408;12609;19876;11939;9251;10999;22686;49840
8335043;Konstanz;"""010""";Altstadt;"""0101""";31.12.2022;1.266;654;1.001;265;138;383;209;154;159;223;849
8335043;Konstanz;"""010""";Altstadt;"""0102""";31.12.2022;1.742;911;1.400;342;246;410;285;222;207;372;1.060
8335043;Konstanz;"""010""";Altstadt;"""0103""";31.12.2022;2.918;1.496;2.462;456;434;555;484;335;401;709;1.719
8335043;Konstanz;"""010""";Altstadt;"""0104""";31.12.2022;2.142;1.180;1.909;233;302;464;274;254;303;545;1.283
8335043;Konstanz;"""010""";Altstadt;"""0105""";31.12.2022;1.423;748;1.234;189;229;325;234;197;185;253;798
8335043;Konstanz;"""010""";Altstadt;"""0106""";31.12.2022;1.146;584;955;191;110;298;239;117;124;258;791
8335043;Konstanz;"""010""";Altstadt;"""0107""";31.12.2022;1.492;788;1.230;262;168;391;231;164;161;377;975
8335043;Konstanz;"""010""";Altstadt;"""010""";31.12.2022;12.129;6.361;10.191;1.938;1.627;2.826;1.956;1.443;1.540;2.737;7.475
8335043;Konstanz;"""020""";Paradies;"""0201""";31.12.2022;2.734;1.459;2.412;322;358;468;396;274;419;819;1.643
8335043;Konstanz;"""020""";Paradies;"""0202""";31.12.2022;1.673;963;1.436;237;193;338;233;155;218;536;1.052
8335043;Konstanz;"""020""";Paradies;"""0203""";31.12.2022;1.203;530;839;364;57;1.055;44;28;10;9;701
8335043;Konstanz;"""020""";Paradies;"""0204""";31.12.2022;592;315;560;32;85;110;75;56;111;155;322
8335043;Konstanz;"""020""";Paradies;"""020""";31.12.2022;6.202;3.267;5.247;955;693;1.971;748;513;758;1.519;3.718
8335043;Konstanz;"""030""";Petershausen-West;"""0301""";31.12.2022;1.053;532;771;282;152;285;186;120;124;186;630
8335043;Konstanz;"""030""";Petershausen-West;"""0302""";31.12.2022;1.681;865;1.130;551;269;428;245;193;198;348;884
8335043;Konstanz;"""030""";Petershausen-West;"""0303""";31.12.2022;6.150;3.169;4.860;1.290;867;1.772;1.144;635;646;1.086;3.576
8335043;Konstanz;"""030""";Petershausen-West;"""0304""";31.12.2022;3.581;1.766;2.659;922;494;1.091;600;356;367;673;2.200
8335043;Konstanz;"""030""";Petershausen-West;"""0305""";31.12.2022;1.866;982;1.559;307;304;400;248;195;261;458;1.028
8335043;Konstanz;"""030""";Petershausen-West;"""0306""";31.12.2022;1.978;1.049;1.626;352;219;559;316;208;236;440;1.225
8335043;Konstanz;"""030""";Petershausen-West;"""030""";31.12.2022;16.309;8.363;12.605;3.704;2.305;4.535;2.739;1.707;1.832;3.191;9.543
8335043;Konstanz;"""035""";Petershausen-Ost;"""0351""";31.12.2022;2.177;1.221;1.660;517;323;548;311;226;220;549;1.273
8335043;Konstanz;"""035""";Petershausen-Ost;"""0352""";31.12.2022;1.367;735;1.227;140;190;204;159;133;184;497;775
8335043;Konstanz;"""035""";Petershausen-Ost;"""0353""";31.12.2022;1.276;678;1.148;128;161;204;165;99;187;460;760
8335043;Konstanz;"""035""";Petershausen-Ost;"""0354""";31.12.2022;1.148;662;1.042;106;110;88;67;79;150;654;635
8335043;Konstanz;"""035""";Petershausen-Ost;"""0355""";31.12.2022;1.299;675;1.190;109;201;224;127;137;215;395;707
8335043;Konstanz;"""035""";Petershausen-Ost;"""035""";31.12.2022;7.267;3.971;6.267;1.000;985;1.268;829;674;956;2.555;4.150
8335043;Konstanz;"""040""";Koenigsbau;"""0401""";31.12.2022;1.297;662;1.047;250;145;418;139;115;161;319;777
8335043;Konstanz;"""040""";Koenigsbau;"""0402""";31.12.2022;1.860;994;1.364;496;468;271;292;232;219;378;833
8335043;Konstanz;"""040""";Koenigsbau;"""0403""";31.12.2022;2.577;1.333;2.006;571;319;1.267;245;201;173;372;1.396
8335043;Konstanz;"""040""";Koenigsbau;"""0404""";31.12.2022;935;485;808;127;178;170;114;108;131;234;480
8335043;Konstanz;"""040""";Koenigsbau;"""040""";31.12.2022;6.669;3.474;5.225;1.444;1.110;2.126;790;656;684;1.303;3.486
8335043;Konstanz;"""050""";Allmannsdorf;"""0501""";31.12.2022;1.686;927;1.524;162;252;268;182;164;265;555;932
8335043;Konstanz;"""050""";Allmannsdorf;"""0502""";31.12.2022;1.348;714;1.135;213;202;242;184;143;205;372;734
8335043;Konstanz;"""050""";Allmannsdorf;"""0503""";31.12.2022;2.387;1.277;2.121;266;275;559;251;199;347;756;1.412
8335043;Konstanz;"""050""";Allmannsdorf;"""050""";31.12.2022;5.421;2.918;4.780;641;729;1.069;617;506;817;1.683;3.078
8335043;Konstanz;"""060""";Staad;"""0601""";31.12.2022;1.028;547;927;101;129;150;98;112;159;380;592
8335043;Konstanz;"""060""";Staad;"""0602""";31.12.2022;818;444;707;111;138;122;95;108;106;249;428
8335043;Konstanz;"""060""";Staad;"""060""";31.12.2022;1.846;991;1.634;212;267;272;193;220;265;629;1.020
8335043;Konstanz;"""070""";Fuerstenberg;"""0701""";31.12.2022;4.399;2.268;3.485;914;602;1.306;577;425;521;968;2.584
8335043;Konstanz;"""070""";Fuerstenberg;"""0702""";31.12.2022;3.280;1.683;2.716;564;446;666;486;317;413;952;1.848
8335043;Konstanz;"""070""";Fuerstenberg;"""0703""";31.12.2022;2.197;1.140;1.888;309;357;383;292;240;286;639;1.187
8335043;Konstanz;"""070""";Fuerstenberg;"""0704""";31.12.2022;2.589;1.343;1.869;720;339;577;407;293;345;628;1.530
8335043;Konstanz;"""070""";Fuerstenberg;"""070""";31.12.2022;12.465;6.434;9.958;2.507;1.744;2.932;1.762;1.275;1.565;3.187;7.149
8335043;Konstanz;"""080""";Wollmatingen;"""0801""";31.12.2022;2.689;1.421;2.025;664;578;426;376;325;396;588;1.342
8335043;Konstanz;"""080""";Wollmatingen;"""0802""";31.12.2022;2.114;1.078;1.862;252;397;407;241;267;357;445;1.023
8335043;Konstanz;"""080""";Wollmatingen;"""0803""";31.12.2022;1.842;967;1.628;214;271;332;227;190;337;485;967
8335043;Konstanz;"""080""";Wollmatingen;"""080""";31.12.2022;6.645;3.466;5.515;1.130;1.246;1.165;844;782;1.090;1.518;3.332
8335043;Konstanz;"""090""";Industriegebiet;"""0901""";31.12.2022;800;357;498;302;129;175;120;87;121;168;390
8335043;Konstanz;"""090""";Industriegebiet;"""0902""";31.12.2022;126;60;68;58;14;25;20;19;23;25;76
8335043;Konstanz;"""090""";Industriegebiet;"""0903""";31.12.2022;176;70;54;122;35;36;34;13;34;24;81
8335043;Konstanz;"""090""";Industriegebiet;"""090""";31.12.2022;1.102;487;620;482;178;236;174;119;178;217;547
8335043;Konstanz;"""100""";Egg;"""1001""";31.12.2022;833;426;732;101;192;140;82;110;118;191;381
8335043;Konstanz;"""100""";Egg;"""100""";31.12.2022;833;426;732;101;192;140;82;110;118;191;381
8335043;Konstanz;"""110""";Litzelstetten;"""1101""";31.12.2022;1.760;929;1.563;197;256;276;177;175;291;585;945
8335043;Konstanz;"""110""";Litzelstetten;"""1102""";31.12.2022;2.016;1.094;1.788;228;274;250;215;213;308;756;1.118
8335043;Konstanz;"""110""";Litzelstetten;"""1103""";31.12.2022;44;14;7;37;3;9;11;7;10;4;25
8335043;Konstanz;"""110""";Litzelstetten;"""110""";31.12.2022;3.820;2.037;3.358;462;533;535;403;395;609;1.345;2.088
8335043;Konstanz;"""120""";Dingelsdorf;"""1201""";31.12.2022;1.770;889;1.626;144;282;226;214;163;292;593;906
8335043;Konstanz;"""120""";Dingelsdorf;"""1202""";31.12.2022;305;153;266;39;34;41;27;28;44;131;153
8335043;Konstanz;"""120""";Dingelsdorf;"""120""";31.12.2022;2.075;1.042;1.892;183;316;267;241;191;336;724;1.059
8335043;Konstanz;"""130""";Dettingen;"""1301""";31.12.2022;1.603;826;1.404;199;318;201;162;225;204;493;760
8335043;Konstanz;"""130""";Dettingen;"""1302""";31.12.2022;1.819;952;1.629;190;312;227;224;194;279;583;921
8335043;Konstanz;"""130""";Dettingen;"""130""";31.12.2022;3.422;1.778;3.033;389;630;428;386;419;483;1.076;1.681
8335043;Konstanz;"""140""";Wallhausen;"""1401""";31.12.2022;1.150;597;991;159;167;151;134;143;182;373;657
8335043;Konstanz;"""140""";Wallhausen;"""140""";31.12.2022;1.150;597;991;159;167;151;134;143;182;373;657
8335043;Konstanz;.;Stadt Konstanz;.;31.12.2022;87.355;45.612;72.048;15.307;12.722;19.921;11.898;9.153;11.413;22.248;49.364
8335043;Konstanz;"""010""";Altstadt;"""0101""";31.12.2021;1263;648;995;268;129;381;215;154;156;228;859
8335043;Konstanz;"""010""";Altstadt;"""0102""";31.12.2021;1735;887;1400;335;254;398;275;222;208;378;1045
8335043;Konstanz;"""010""";Altstadt;"""0103""";31.12.2021;2861;1487;2513;348;422;549;466;324;404;696;1694
8335043;Konstanz;"""010""";Altstadt;"""0104""";31.12.2021;2145;1184;1922;223;309;458;279;251;309;539;1300
8335043;Konstanz;"""010""";Altstadt;"""0105""";31.12.2021;1327;701;1180;147;202;303;214;182;192;234;774
8335043;Konstanz;"""010""";Altstadt;"""0106""";31.12.2021;1155;592;972;183;111;295;245;122;135;247;787
8335043;Konstanz;"""010""";Altstadt;"""0107""";31.12.2021;1466;774;1227;239;167;366;228;173;167;365;969
8335043;Konstanz;"""010""";Altstadt;"""010""";31.12.2021;11952;6273;10209;1743;1594;2750;1922;1428;1571;2687;7428
8335043;Konstanz;"""020""";Paradies;"""0201""";31.12.2021;2734;1457;2438;296;346;463;409;283;417;816;1660
8335043;Konstanz;"""020""";Paradies;"""0202""";31.12.2021;1644;950;1447;197;192;340;221;163;209;519;1039
8335043;Konstanz;"""020""";Paradies;"""0203""";31.12.2021;1043;463;808;235;10;990;31;7;5;0;637
8335043;Konstanz;"""020""";Paradies;"""0204""";31.12.2021;588;303;560;28;87;110;67;61;113;150;320
8335043;Konstanz;"""020""";Paradies;"""020""";31.12.2021;6009;3173;5253;756;635;1903;728;514;744;1485;3656
8335043;Konstanz;"""030""";Petershausen-West;"""0301""";31.12.2021;1035;529;767;268;140;285;179;110;125;196;615
8335043;Konstanz;"""030""";Petershausen-West;"""0302""";31.12.2021;1654;830;1156;498;243;449;241;173;201;347;879
8335043;Konstanz;"""030""";Petershausen-West;"""0303""";31.12.2021;6154;3171;4922;1232;842;1874;1118;616;670;1034;3605
8335043;Konstanz;"""030""";Petershausen-West;"""0304""";31.12.2021;3486;1740;2618;868;448;1094;577;324;372;671;2172
8335043;Konstanz;"""030""";Petershausen-West;"""0305""";31.12.2021;1785;936;1503;282;288;384;221;184;263;445;995
8335043;Konstanz;"""030""";Petershausen-West;"""0306""";31.12.2021;1968;1043;1628;340;219;567;304;206;246;426;1214
8335043;Konstanz;"""030""";Petershausen-West;"""030""";31.12.2021;16082;8249;12594;3488;2180;4653;2640;1613;1877;3119;9480
8335043;Konstanz;"""035""";Petershausen-Ost;"""0351""";31.12.2021;2087;1183;1651;436;285;536;271;213;241;541;1234
8335043;Konstanz;"""035""";Petershausen-Ost;"""0352""";31.12.2021;1414;760;1268;146;199;214;185;132;186;498;807
8335043;Konstanz;"""035""";Petershausen-Ost;"""0353""";31.12.2021;1266;667;1143;123;160;209;152;99;197;449;747
8335043;Konstanz;"""035""";Petershausen-Ost;"""0354""";31.12.2021;1151;660;1056;95;112;76;61;94;142;666;631
8335043;Konstanz;"""035""";Petershausen-Ost;"""0355""";31.12.2021;1327;679;1232;95;200;250;131;134;210;402;715
8335043;Konstanz;"""035""";Petershausen-Ost;"""035""";31.12.2021;7245;3949;6350;895;956;1285;800;672;976;2556;4134
8335043;Konstanz;"""040""";Koenigsbau;"""0401""";31.12.2021;1241;636;1036;205;123;398;136;100;161;323;752
8335043;Konstanz;"""040""";Koenigsbau;"""0402""";31.12.2021;1846;994;1355;491;469;267;293;229;218;370;840
8335043;Konstanz;"""040""";Koenigsbau;"""0403""";31.12.2021;2525;1279;2021;504;338;1201;252;200;166;368;1330
8335043;Konstanz;"""040""";Koenigsbau;"""0404""";31.12.2021;895;470;780;115;172;159;110;104;126;224;454
8335043;Konstanz;"""040""";Koenigsbau;"""040""";31.12.2021;6507;3379;5192;1315;1102;2025;791;633;671;1285;3376
8335043;Konstanz;"""050""";Allmannsdorf;"""0501""";31.12.2021;1668;911;1512;156;250;251;189;163;279;536;914
8335043;Konstanz;"""050""";Allmannsdorf;"""0502""";31.12.2021;1354;726;1173;181;201;265;165;140;207;376;738
8335043;Konstanz;"""050""";Allmannsdorf;"""0503""";31.12.2021;2306;1238;2086;220;275;519;263;198;336;715;1339
8335043;Konstanz;"""050""";Allmannsdorf;"""050""";31.12.2021;5328;2875;4771;557;726;1035;617;501;822;1627;2991
8335043;Konstanz;"""060""";Staad;"""0601""";31.12.2021;1022;548;931;91;124;147;95;111;162;383;586
8335043;Konstanz;"""060""";Staad;"""0602""";31.12.2021;794;427;704;90;125;110;95;102;102;260;424
8335043;Konstanz;"""060""";Staad;"""060""";31.12.2021;1816;975;1635;181;249;257;190;213;264;643;1010
8335043;Konstanz;"""070""";Fuerstenberg;"""0701""";31.12.2021;4389;2277;3519;870;605;1322;573;408;549;932;2543
8335043;Konstanz;"""070""";Fuerstenberg;"""0702""";31.12.2021;3192;1632;2673;519;408;667;448;304;426;939;1799
8335043;Konstanz;"""070""";Fuerstenberg;"""0703""";31.12.2021;2229;1146;1919;310;357;415;285;234;305;633;1194
8335043;Konstanz;"""070""";Fuerstenberg;"""0704""";31.12.2021;2572;1340;1875;697;341;581;392;282;357;619;1532
8335043;Konstanz;"""070""";Fuerstenberg;"""070""";31.12.2021;12382;6395;9986;2396;1711;2985;1698;1228;1637;3123;7068
8335043;Konstanz;"""080""";Wollmatingen;"""0801""";31.12.2021;2691;1428;2047;644;568;435;383;308;404;593;1338
8335043;Konstanz;"""080""";Wollmatingen;"""0802""";31.12.2021;2142;1076;1889;253;414;397;250;283;365;433;1034
8335043;Konstanz;"""080""";Wollmatingen;"""0803""";31.12.2021;1834;962;1627;207;277;335;210;198;340;474;970
8335043;Konstanz;"""080""";Wollmatingen;"""080""";31.12.2021;6667;3466;5563;1104;1259;1167;843;789;1109;1500;3342
8335043;Konstanz;"""090""";Industriegebiet;"""0901""";31.12.2021;769;345;496;273;130;172;104;80;122;161;368
8335043;Konstanz;"""090""";Industriegebiet;"""0902""";31.12.2021;110;50;71;39;11;21;15;18;25;20;66
8335043;Konstanz;"""090""";Industriegebiet;"""0903""";31.12.2021;123;48;53;70;21;23;22;10;29;18;66
8335043;Konstanz;"""090""";Industriegebiet;"""090""";31.12.2021;1002;443;620;382;162;216;141;108;176;199;500
8335043;Konstanz;"""100""";Egg;"""1001""";31.12.2021;805;411;714;91;179;135;82;112;120;177;363
8335043;Konstanz;"""100""";Egg;"""100""";31.12.2021;805;411;714;91;179;135;82;112;120;177;363
8335043;Konstanz;"""110""";Litzelstetten;"""1101""";31.12.2021;1779;926;1615;164;267;262;189;189;305;567;946
8335043;Konstanz;"""110""";Litzelstetten;"""1102""";31.12.2021;1970;1052;1783;187;260;248;202;197;327;736;1096
8335043;Konstanz;"""110""";Litzelstetten;"""1103""";31.12.2021;36;11;5;31;2;6;10;4;10;4;22
8335043;Konstanz;"""110""";Litzelstetten;"""110""";31.12.2021;3785;1989;3403;382;529;516;401;390;642;1307;2064
8335043;Konstanz;"""120""";Dingelsdorf;"""1201""";31.12.2021;1750;892;1615;135;272;221;219;161;303;574;897
8335043;Konstanz;"""120""";Dingelsdorf;"""1202""";31.12.2021;306;152;268;38;40;40;20;34;49;123;154
8335043;Konstanz;"""120""";Dingelsdorf;"""120""";31.12.2021;2056;1044;1883;173;312;261;239;195;352;697;1051
8335043;Konstanz;"""130""";Dettingen;"""1301""";31.12.2021;1629;834;1429;200;324;210;189;214;211;481;768
8335043;Konstanz;"""130""";Dettingen;"""1302""";31.12.2021;1770;913;1606;164;275;232;204;194;281;584;905
8335043;Konstanz;"""130""";Dettingen;"""130""";31.12.2021;3399;1747;3035;364;599;442;393;408;492;1065;1673
8335043;Konstanz;"""140""";Wallhausen;"""1401""";31.12.2021;1129;590;965;164;146;171;147;124;193;348;647
8335043;Konstanz;"""140""";Wallhausen;"""140""";31.12.2021;1129;590;965;164;146;171;147;124;193;348;647
8335043;Konstanz;.;Stadt Konstanz;.;31.12.2021;86164;44958;72173;13991;12339;19801;11632;8928;11646;21818;48783
8335043;Konstanz;"""010""";Altstadt;"""0101""";31.12.2020;1287;649;998;289;138;383;239;147;158;222;863
8335043;Konstanz;"""010""";Altstadt;"""0102""";31.12.2020;1739;880;1401;338;269;402;286;211;209;362;1055
8335043;Konstanz;"""010""";Altstadt;"""0103""";31.12.2020;2887;1501;2554;333;411;598;462;314;407;695;1686
8335043;Konstanz;"""010""";Altstadt;"""0104""";31.12.2020;2169;1201;1935;234;309;451;285;261;315;548;1302
8335043;Konstanz;"""010""";Altstadt;"""0105""";31.12.2020;1317;705;1190;127;213;290;229;165;188;232;750
8335043;Konstanz;"""010""";Altstadt;"""0106""";31.12.2020;1184;607;999;185;114;328;238;116;142;246;799
8335043;Konstanz;"""010""";Altstadt;"""0107""";31.12.2020;1497;778;1257;240;176;373;258;153;180;357;994
8335043;Konstanz;"""010""";Altstadt;"""010""";31.12.2020;12080;6321;10334;1746;1630;2825;1997;1367;1599;2662;7449
8335043;Konstanz;"""020""";Paradies;"""0201""";31.12.2020;2772;1488;2478;294;365;470;412;297;436;792;1657
8335043;Konstanz;"""020""";Paradies;"""0202""";31.12.2020;1627;944;1449;178;189;322;229;166;222;499;1028
8335043;Konstanz;"""020""";Paradies;"""0203""";31.12.2020;997;429;793;204;8;949;32;4;4;0;612
8335043;Konstanz;"""020""";Paradies;"""0204""";31.12.2020;598;304;571;27;93;114;65;65;115;146;321
8335043;Konstanz;"""020""";Paradies;"""020""";31.12.2020;5994;3165;5291;703;655;1855;738;532;777;1437;3618
8335043;Konstanz;"""030""";Petershausen-West;"""0301""";31.12.2020;1022;520;771;251;146;286;165;100;122;203;609
8335043;Konstanz;"""030""";Petershausen-West;"""0302""";31.12.2020;1639;812;1149;490;256;425;244;170;212;332;870
8335043;Konstanz;"""030""";Petershausen-West;"""0303""";31.12.2020;6053;3102;4832;1221;831;1848;1092;609;683;990;3552
8335043;Konstanz;"""030""";Petershausen-West;"""0304""";31.12.2020;3394;1700;2602;792;400;1065;561;302;395;671;2137
8335043;Konstanz;"""030""";Petershausen-West;"""0305""";31.12.2020;1730;898;1471;259;264;376;207;178;267;438;966
8335043;Konstanz;"""030""";Petershausen-West;"""0306""";31.12.2020;1982;1055;1648;334;223;581;282;226;258;412;1213
8335043;Konstanz;"""030""";Petershausen-West;"""030""";31.12.2020;15820;8087;12473;3347;2120;4581;2551;1585;1937;3046;9347
8335043;Konstanz;"""035""";Petershausen-Ost;"""0351""";31.12.2020;2136;1202;1681;455;298;545;283;212;246;552;1259
8335043;Konstanz;"""035""";Petershausen-Ost;"""0352""";31.12.2020;1388;760;1230;158;199;215;173;118;193;490;796
8335043;Konstanz;"""035""";Petershausen-Ost;"""0353""";31.12.2020;1283;675;1163;120;176;205;147;113;206;436;748
8335043;Konstanz;"""035""";Petershausen-Ost;"""0354""";31.12.2020;1157;664;1063;94;125;79;74;94;137;648;628
8335043;Konstanz;"""035""";Petershausen-Ost;"""0355""";31.12.2020;1306;669;1212;94;189;243;129;136;203;406;711
8335043;Konstanz;"""035""";Petershausen-Ost;"""035""";31.12.2020;7270;3970;6349;921;987;1287;806;673;985;2532;4142
8335043;Konstanz;"""040""";Koenigsbau;"""0401""";31.12.2020;1180;627;1030;150;118;369;105;102;167;319;725
8335043;Konstanz;"""040""";Koenigsbau;"""0402""";31.12.2020;1626;883;1215;411;376;253;223;207;232;335;767
8335043;Konstanz;"""040""";Koenigsbau;"""0403""";31.12.2020;2540;1286;2070;470;351;1213;265;174;167;370;1339
8335043;Konstanz;"""040""";Koenigsbau;"""0404""";31.12.2020;908;481;781;127;166;182;112;98;129;221;466
8335043;Konstanz;"""040""";Koenigsbau;"""040""";31.12.2020;6254;3277;5096;1158;1011;2017;705;581;695;1245;3297
8335043;Konstanz;"""050""";Allmannsdorf;"""0501""";31.12.2020;1697;910;1527;170;263;267;202;165;278;522;912
8335043;Konstanz;"""050""";Allmannsdorf;"""0502""";31.12.2020;1352;720;1198;154;199;272;166;133;219;363;736
8335043;Konstanz;"""050""";Allmannsdorf;"""0503""";31.12.2020;2259;1210;2048;211;278;484;277;208;344;668;1311
8335043;Konstanz;"""050""";Allmannsdorf;"""050""";31.12.2020;5308;2840;4773;535;740;1023;645;506;841;1553;2959
8335043;Konstanz;"""060""";Staad;"""0601""";31.12.2020;1035;543;947;88;127;149;103;109;165;382;579
8335043;Konstanz;"""060""";Staad;"""0602""";31.12.2020;805;428;719;86;129;112;99;95;102;268;430
8335043;Konstanz;"""060""";Staad;"""060""";31.12.2020;1840;971;1666;174;256;261;202;204;267;650;1009
8335043;Konstanz;"""070""";Fuerstenberg;"""0701""";31.12.2020;4322;2235;3484;838;625;1230;585;405;556;921;2488
8335043;Konstanz;"""070""";Fuerstenberg;"""0702""";31.12.2020;3199;1648;2702;497;414;677;441;309;426;932;1803
8335043;Konstanz;"""070""";Fuerstenberg;"""0703""";31.12.2020;2177;1123;1884;293;346;392;268;232;322;617;1162
8335043;Konstanz;"""070""";Fuerstenberg;"""0704""";31.12.2020;2671;1376;1944;727;364;618;400;315;355;619;1569
8335043;Konstanz;"""070""";Fuerstenberg;"""070""";31.12.2020;12369;6382;10014;2355;1749;2917;1694;1261;1659;3089;7022
8335043;Konstanz;"""080""";Wollmatingen;"""0801""";31.12.2020;2741;1443;2120;621;603;448;379;308;418;585;1340
8335043;Konstanz;"""080""";Wollmatingen;"""0802""";31.12.2020;2163;1079;1911;252;417;414;254;296;369;413;1042
8335043;Konstanz;"""080""";Wollmatingen;"""0803""";31.12.2020;1838;964;1628;210;272;346;214;217;343;446;966
8335043;Konstanz;"""080""";Wollmatingen;"""080""";31.12.2020;6742;3486;5659;1083;1292;1208;847;821;1130;1444;3348
8335043;Konstanz;"""090""";Industriegebiet;"""0901""";31.12.2020;769;339;499;270;126;175;102;79;130;157;379
8335043;Konstanz;"""090""";Industriegebiet;"""0902""";31.12.2020;112;48;68;44;10;24;15;19;24;20;64
8335043;Konstanz;"""090""";Industriegebiet;"""0903""";31.12.2020;109;35;59;50;9;24;16;7;30;23;56
8335043;Konstanz;"""090""";Industriegebiet;"""090""";31.12.2020;990;422;626;364;145;223;133;105;184;200;499
8335043;Konstanz;"""100""";Egg;"""1001""";31.12.2020;788;387;708;80;168;137;84;98;130;171;360
8335043;Konstanz;"""100""";Egg;"""100""";31.12.2020;788;387;708;80;168;137;84;98;130;171;360
8335043;Konstanz;"""110""";Litzelstetten;"""1101""";31.12.2020;1777;914;1621;156;268;273;193;186;310;547;942
8335043;Konstanz;"""110""";Litzelstetten;"""1102""";31.12.2020;2009;1068;1796;213;258;264;224;187;341;735;1111
8335043;Konstanz;"""110""";Litzelstetten;"""1103""";31.12.2020;37;12;8;29;0;6;9;5;11;6;24
8335043;Konstanz;"""110""";Litzelstetten;"""110""";31.12.2020;3823;1994;3425;398;526;543;426;378;662;1288;2077
8335043;Konstanz;"""120""";Dingelsdorf;"""1201""";31.12.2020;1773;911;1629;144;281;251;205;170;310;556;903
8335043;Konstanz;"""120""";Dingelsdorf;"""1202""";31.12.2020;309;150;268;41;44;39;24;37;47;118;149
8335043;Konstanz;"""120""";Dingelsdorf;"""120""";31.12.2020;2082;1061;1897;185;325;290;229;207;357;674;1052
8335043;Konstanz;"""130""";Dettingen;"""1301""";31.12.2020;1566;804;1381;185;303;204;176;200;213;470;744
8335043;Konstanz;"""130""";Dettingen;"""1302""";31.12.2020;1776;911;1607;169;272;249;204;194;279;578;899
8335043;Konstanz;"""130""";Dettingen;"""130""";31.12.2020;3342;1715;2988;354;575;453;380;394;492;1048;1643
8335043;Konstanz;"""140""";Wallhausen;"""1401""";31.12.2020;1135;591;971;164;152;173;147;125;194;344;638
8335043;Konstanz;"""140""";Wallhausen;"""140""";31.12.2020;1135;591;971;164;152;173;147;125;194;344;638
8335043;Konstanz;.;Stadt Konstanz;.;31.12.2020;85837;44669;72270;13567;12331;19793;11584;8837;11909;21383;48460
8335043;Konstanz;"""010""";Altstadt;"""0101""";31.12.2019;1321;656;1010;311;142;394;246;162;153;224;872
8335043;Konstanz;"""010""";Altstadt;"""0102""";31.12.2019;1778;896;1424;354;275;420;303;204;219;357;1075
8335043;Konstanz;"""010""";Altstadt;"""0103""";31.12.2019;2861;1488;2531;330;407;577;473;332;393;679;1680
8335043;Konstanz;"""010""";Altstadt;"""0104""";31.12.2019;2155;1200;1923;232;300;442;281;272;312;548;1278
8335043;Konstanz;"""010""";Altstadt;"""0105""";31.12.2019;1356;722;1211;145;226;304;231;178;188;229;772
8335043;Konstanz;"""010""";Altstadt;"""0106""";31.12.2019;1207;608;997;210;108;359;244;112;140;244;830
8335043;Konstanz;"""010""";Altstadt;"""0107""";31.12.2019;1460;766;1216;244;163;381;237;150;176;353;965
8335043;Konstanz;"""010""";Altstadt;"""010""";31.12.2019;12138;6336;10312;1826;1621;2877;2015;1410;1581;2634;7472
8335043;Konstanz;"""020""";Paradies;"""0201""";31.12.2019;2802;1502;2497;305;378;487;409;300;451;777;1680
8335043;Konstanz;"""020""";Paradies;"""0202""";31.12.2019;1624;936;1452;172;182;325;216;161;227;513;1048
8335043;Konstanz;"""020""";Paradies;"""0203""";31.12.2019;1072;454;816;256;12;1023;29;5;NA;NA;645
8335043;Konstanz;"""020""";Paradies;"""0204""";31.12.2019;599;310;571;28;98;108;70;62;NA;NA;322
8335043;Konstanz;"""020""";Paradies;"""020""";31.12.2019;6097;3202;5336;761;670;1943;724;528;800;1432;3695
8335043;Konstanz;"""030""";Petershausen-West;"""0301""";31.12.2019;1016;525;772;244;145;275;166;109;123;198;610
8335043;Konstanz;"""030""";Petershausen-West;"""0302""";31.12.2019;1691;836;1179;512;258;466;245;191;215;316;883
8335043;Konstanz;"""030""";Petershausen-West;"""0303""";31.12.2019;6079;3110;4883;1196;816;1938;1066;590;688;981;3549
8335043;Konstanz;"""030""";Petershausen-West;"""0304""";31.12.2019;3479;1722;2664;815;380;1155;558;322;394;670;2174
8335043;Konstanz;"""030""";Petershausen-West;"""0305""";31.12.2019;1751;912;1496;255;268;395;213;183;260;432;976
8335043;Konstanz;"""030""";Petershausen-West;"""0306""";31.12.2019;2005;1064;1692;313;212;608;296;226;258;405;1218
8335043;Konstanz;"""030""";Petershausen-West;"""030""";31.12.2019;16021;8169;12686;3335;2079;4837;2544;1621;1938;3002;9410
8335043;Konstanz;"""035""";Petershausen-Ost;"""0351""";31.12.2019;2136;1196;1704;432;308;562;263;211;260;532;1231
8335043;Konstanz;"""035""";Petershausen-Ost;"""0352""";31.12.2019;1377;768;1238;139;194;214;168;128;190;483;784
8335043;Konstanz;"""035""";Petershausen-Ost;"""0353""";31.12.2019;1259;666;1145;114;169;206;144;116;206;418;731
8335043;Konstanz;"""035""";Petershausen-Ost;"""0354""";31.12.2019;1139;653;1051;88;126;71;71;95;132;644;635
8335043;Konstanz;"""035""";Petershausen-Ost;"""0355""";31.12.2019;1337;684;1236;101;195;272;125;147;206;392;717
8335043;Konstanz;"""035""";Petershausen-Ost;"""035""";31.12.2019;7248;3967;6374;874;992;1325;771;697;994;2469;4098
8335043;Konstanz;"""040""";Koenigsbau;"""0401""";31.12.2019;1164;621;1024;140;121;363;92;115;165;308;718
8335043;Konstanz;"""040""";Koenigsbau;"""0402""";31.12.2019;1572;861;1203;369;354;250;200;213;230;325;740
8335043;Konstanz;"""040""";Koenigsbau;"""0403""";31.12.2019;2530;1301;1997;533;338;1261;256;156;160;359;1345
8335043;Konstanz;"""040""";Koenigsbau;"""0404""";31.12.2019;915;468;793;122;150;200;114;94;141;216;488
8335043;Konstanz;"""040""";Koenigsbau;"""040""";31.12.2019;6181;3251;5017;1164;963;2074;662;578;696;1208;3291
8335043;Konstanz;"""050""";Allmannsdorf;"""0501""";31.12.2019;1683;899;1525;158;252;285;189;171;279;507;895
8335043;Konstanz;"""050""";Allmannsdorf;"""0502""";31.12.2019;1347;712;1183;164;194;287;158;153;206;349;743
8335043;Konstanz;"""050""";Allmannsdorf;"""0503""";31.12.2019;2318;1240;2087;231;277;544;279;207;348;663;1376
8335043;Konstanz;"""050""";Allmannsdorf;"""050""";31.12.2019;5348;2851;4795;553;723;1116;626;531;833;1519;3014
8335043;Konstanz;"""060""";Staad;"""0601""";31.12.2019;1008;529;928;80;128;146;101;112;157;364;575
8335043;Konstanz;"""060""";Staad;"""0602""";31.12.2019;771;412;700;71;117;109;87;97;94;267;424
8335043;Konstanz;"""060""";Staad;"""060""";31.12.2019;1779;941;1628;151;245;255;188;209;251;631;999
8335043;Konstanz;"""070""";Fuerstenberg;"""0701""";31.12.2019;4425;2283;3510;915;620;1327;574;435;560;909;2552
8335043;Konstanz;"""070""";Fuerstenberg;"""0702""";31.12.2019;3213;1648;2719;494;404;699;434;302;434;940;1826
8335043;Konstanz;"""070""";Fuerstenberg;"""0703""";31.12.2019;2168;1121;1856;312;360;399;254;239;308;608;1146
8335043;Konstanz;"""070""";Fuerstenberg;"""0704""";31.12.2019;2694;1398;1996;698;362;658;370;320;372;612;1576
8335043;Konstanz;"""070""";Fuerstenberg;"""070""";31.12.2019;12500;6450;10081;2419;1746;3083;1632;1296;1674;3069;7100
8335043;Konstanz;"""080""";Wollmatingen;"""0801""";31.12.2019;2768;1461;2171;597;603;470;390;311;417;577;1377
8335043;Konstanz;"""080""";Wollmatingen;"""0802""";31.12.2019;2163;1078;1928;235;449;415;239;306;358;396;1035
8335043;Konstanz;"""080""";Wollmatingen;"""0803""";31.12.2019;1844;965;1622;222;268;363;215;225;349;424;970
8335043;Konstanz;"""080""";Wollmatingen;"""080""";31.12.2019;6775;3504;5721;1054;1320;1248;844;842;1124;1397;3382
8335043;Konstanz;"""090""";Industriegebiet;"""0901""";31.12.2019;792;339;494;298;129;192;103;91;128;149;396
8335043;Konstanz;"""090""";Industriegebiet;"""0902""";31.12.2019;132;54;82;50;14;35;17;21;27;18;78
8335043;Konstanz;"""090""";Industriegebiet;"""0903""";31.12.2019;124;30;59;65;5;35;19;16;27;22;60
8335043;Konstanz;"""090""";Industriegebiet;"""090""";31.12.2019;1048;423;635;413;148;262;139;128;182;189;534
8335043;Konstanz;"""100""";Egg;"""1001""";31.12.2019;812;408;725;87;170;157;91;93;136;165;368
8335043;Konstanz;"""100""";Egg;"""100""";31.12.2019;812;408;725;87;170;157;91;93;136;165;368
8335043;Konstanz;"""110""";Litzelstetten;"""1101""";31.12.2019;1785;916;1619;166;271;300;186;201;293;534;952
8335043;Konstanz;"""110""";Litzelstetten;"""1102""";31.12.2019;2032;1085;1839;193;241;312;214;199;338;728;1139
8335043;Konstanz;"""110""";Litzelstetten;"""1103""";31.12.2019;44;13;11;33;0;8;9;6;14;7;31
8335043;Konstanz;"""110""";Litzelstetten;"""110""";31.12.2019;3861;2014;3469;392;512;620;409;406;645;1269;2122
8335043;Konstanz;"""120""";Dingelsdorf;"""1201""";31.12.2019;1758;895;1618;140;273;277;176;181;314;537;894
8335043;Konstanz;"""120""";Dingelsdorf;"""1202""";31.12.2019;340;166;279;61;50;44;35;46;53;112;160
8335043;Konstanz;"""120""";Dingelsdorf;"""120""";31.12.2019;2098;1061;1897;201;323;321;211;227;367;649;1054
8335043;Konstanz;"""130""";Dettingen;"""1301""";31.12.2019;1527;777;1362;165;296;194;182;187;203;465;730
8335043;Konstanz;"""130""";Dettingen;"""1302""";31.12.2019;1762;914;1599;163;266;264;200;187;281;564;878
8335043;Konstanz;"""130""";Dettingen;"""130""";31.12.2019;3289;1691;2961;328;562;458;382;374;484;1029;1608
8335043;Konstanz;"""140""";Wallhausen;"""1401""";31.12.2019;1137;603;975;162;149;191;147;117;194;339;653
8335043;Konstanz;"""140""";Wallhausen;"""140""";31.12.2019;1137;603;975;162;149;191;147;117;194;339;653
8335043;Konstanz;.;Stadt Konstanz;.;31.12.2019;86332;44871;72612;13720;12223;20767;11385;9057;11899;21001;48800
8335043;Konstanz;"""010""";Altstadt;"""0101""";31.12.2018;1282;652;1002;280;130;401;227;158;155;211;853
8335043;Konstanz;"""010""";Altstadt;"""0102""";31.12.2018;1787;886;1422;365;274;432;306;202;223;350;1081
8335043;Konstanz;"""010""";Altstadt;"""0103""";31.12.2018;2907;1505;2562;345;433;577;470;365;407;655;1697
8335043;Konstanz;"""010""";Altstadt;"""0104""";31.12.2018;2147;1188;1935;212;318;432;274;267;313;543;1283
8335043;Konstanz;"""010""";Altstadt;"""0105""";31.12.2018;1359;733;1225;134;219;342;223;172;184;219;780
8335043;Konstanz;"""010""";Altstadt;"""0106""";31.12.2018;1212;616;1002;210;97;377;239;117;145;237;836
8335043;Konstanz;"""010""";Altstadt;"""0107""";31.12.2018;1422;758;1181;241;154;370;230;155;174;339;951
8335043;Konstanz;"""010""";Altstadt;"""010""";31.12.2018;12116;6338;10329;1787;1625;2931;1969;1436;1601;2554;7481
8335043;Konstanz;"""020""";Paradies;"""0201""";31.12.2018;2805;1522;2511;294;373;478;409;321;450;774;1666
8335043;Konstanz;"""020""";Paradies;"""0202""";31.12.2018;1631;926;1447;184;183;304;226;180;228;510;1048
8335043;Konstanz;"""020""";Paradies;"""0203""";31.12.2018;1068;430;797;271;11;1011;38;6;NA;NA;657
8335043;Konstanz;"""020""";Paradies;"""0204""";31.12.2018;609;319;586;23;106;104;70;73;NA;NA;325
8335043;Konstanz;"""020""";Paradies;"""020""";31.12.2018;6113;3197;5341;772;673;1897;743;580;800;1420;3696
8335043;Konstanz;"""030""";Petershausen-West;"""0301""";31.12.2018;996;516;777;219;141;280;142;110;121;202;605
8335043;Konstanz;"""030""";Petershausen-West;"""0302""";31.12.2018;1684;834;1183;501;265;460;248;190;204;317;866
8335043;Konstanz;"""030""";Petershausen-West;"""0303""";31.12.2018;6032;3083;4894;1138;776;1949;1072;608;684;943;3499
8335043;Konstanz;"""030""";Petershausen-West;"""0304""";31.12.2018;3436;1721;2689;747;359;1188;520;315;378;676;2148
8335043;Konstanz;"""030""";Petershausen-West;"""0305""";31.12.2018;1773;933;1515;258;270;395;209;199;294;406;999
8335043;Konstanz;"""030""";Petershausen-West;"""0306""";31.12.2018;2081;1092;1704;377;231;649;319;223;266;393;1222
8335043;Konstanz;"""030""";Petershausen-West;"""030""";31.12.2018;16002;8179;12762;3240;2042;4921;2510;1645;1947;2937;9339
8335043;Konstanz;"""035""";Petershausen-Ost;"""0351""";31.12.2018;2159;1178;1713;446;315;578;267;216;271;512;1242
8335043;Konstanz;"""035""";Petershausen-Ost;"""0352""";31.12.2018;1377;771;1249;128;195;213;164;132;184;489;786
8335043;Konstanz;"""035""";Petershausen-Ost;"""0353""";31.12.2018;1269;672;1156;113;164;207;147;124;207;420;732
8335043;Konstanz;"""035""";Petershausen-Ost;"""0354""";31.12.2018;1139;660;1045;94;125;78;66;105;119;646;629
8335043;Konstanz;"""035""";Petershausen-Ost;"""0355""";31.12.2018;1329;675;1225;104;188;267;119;167;204;384;711
8335043;Konstanz;"""035""";Petershausen-Ost;"""035""";31.12.2018;7273;3956;6388;885;987;1343;763;744;985;2451;4100
8335043;Konstanz;"""040""";Koenigsbau;"""0401""";31.12.2018;1207;626;1056;151;130;381;107;114;169;306;717
8335043;Konstanz;"""040""";Koenigsbau;"""0402""";31.12.2018;1597;877;1220;377;374;254;205;209;244;311;756
8335043;Konstanz;"""040""";Koenigsbau;"""0403""";31.12.2018;2534;1264;1988;546;333;1279;247;150;166;359;1334
8335043;Konstanz;"""040""";Koenigsbau;"""0404""";31.12.2018;910;470;803;107;137;207;114;93;136;223;496
8335043;Konstanz;"""040""";Koenigsbau;"""040""";31.12.2018;6248;3237;5067;1181;974;2121;673;566;715;1199;3303
8335043;Konstanz;"""050""";Allmannsdorf;"""0501""";31.12.2018;1643;877;1495;148;242;283;165;166;286;501;877
8335043;Konstanz;"""050""";Allmannsdorf;"""0502""";31.12.2018;1359;720;1192;167;207;288;164;162;198;340;750
8335043;Konstanz;"""050""";Allmannsdorf;"""0503""";31.12.2018;2339;1233;2101;238;292;560;277;211;354;645;1368
8335043;Konstanz;"""050""";Allmannsdorf;"""050""";31.12.2018;5341;2830;4788;553;741;1131;606;539;838;1486;2995
8335043;Konstanz;"""060""";Staad;"""0601""";31.12.2018;1002;531;927;75;127;132;95;120;153;375;570
8335043;Konstanz;"""060""";Staad;"""0602""";31.12.2018;791;422;710;81;121;121;84;108;95;262;430
8335043;Konstanz;"""060""";Staad;"""060""";31.12.2018;1793;953;1637;156;248;253;179;228;248;637;1000
8335043;Konstanz;"""070""";Fuerstenberg;"""0701""";31.12.2018;4395;2292;3496;899;594;1382;542;430;552;895;2556
8335043;Konstanz;"""070""";Fuerstenberg;"""0702""";31.12.2018;3142;1612;2681;461;391;687;400;301;448;915;1791
8335043;Konstanz;"""070""";Fuerstenberg;"""0703""";31.12.2018;2127;1094;1836;291;349;380;238;242;320;598;1127
8335043;Konstanz;"""070""";Fuerstenberg;"""0704""";31.12.2018;2682;1375;1993;689;353;667;375;317;356;614;1570
8335043;Konstanz;"""070""";Fuerstenberg;"""070""";31.12.2018;12346;6373;10006;2340;1687;3116;1555;1290;1676;3022;7044
8335043;Konstanz;"""080""";Wollmatingen;"""0801""";31.12.2018;2738;1441;2201;537;602;457;389;332;403;555;1358
8335043;Konstanz;"""080""";Wollmatingen;"""0802""";31.12.2018;2202;1105;1961;241;461;412;247;323;361;398;1046
8335043;Konstanz;"""080""";Wollmatingen;"""0803""";31.12.2018;1844;940;1612;232;275;357;203;241;343;425;986
8335043;Konstanz;"""080""";Wollmatingen;"""080""";31.12.2018;6784;3486;5774;1010;1338;1226;839;896;1107;1378;3390
8335043;Konstanz;"""090""";Industriegebiet;"""0901""";31.12.2018;834;359;529;305;132;206;112;102;127;155;417
8335043;Konstanz;"""090""";Industriegebiet;"""0902""";31.12.2018;131;58;83;48;15;29;21;22;25;19;81
8335043;Konstanz;"""090""";Industriegebiet;"""0903""";31.12.2018;128;42;61;67;12;30;15;23;26;22;62
8335043;Konstanz;"""090""";Industriegebiet;"""090""";31.12.2018;1093;459;673;420;159;265;148;147;178;196;560
8335043;Konstanz;"""100""";Egg;"""1001""";31.12.2018;763;384;671;92;162;136;84;85;145;151;345
8335043;Konstanz;"""100""";Egg;"""100""";31.12.2018;763;384;671;92;162;136;84;85;145;151;345
8335043;Konstanz;"""110""";Litzelstetten;"""1101""";31.12.2018;1752;887;1585;167;276;269;192;206;276;533;914
8335043;Konstanz;"""110""";Litzelstetten;"""1102""";31.12.2018;2020;1075;1840;180;240;316;204;223;331;706;1130
8335043;Konstanz;"""110""";Litzelstetten;"""1103""";31.12.2018;59;19;15;44;3;17;14;8;11;6;38
8335043;Konstanz;"""110""";Litzelstetten;"""110""";31.12.2018;3831;1981;3440;391;519;602;410;437;618;1245;2082
8335043;Konstanz;"""120""";Dingelsdorf;"""1201""";31.12.2018;1756;896;1624;132;270;290;159;186;331;520;892
8335043;Konstanz;"""120""";Dingelsdorf;"""1202""";31.12.2018;338;161;272;66;52;39;34;46;58;109;160
8335043;Konstanz;"""120""";Dingelsdorf;"""120""";31.12.2018;2094;1057;1896;198;322;329;193;232;389;629;1052
8335043;Konstanz;"""130""";Dettingen;"""1301""";31.12.2018;1548;776;1374;174;300;198;202;184;200;464;733
8335043;Konstanz;"""130""";Dettingen;"""1302""";31.12.2018;1722;892;1585;137;249;245;189;202;277;560;870
8335043;Konstanz;"""130""";Dettingen;"""130""";31.12.2018;3270;1668;2959;311;549;443;391;386;477;1024;1603
8335043;Konstanz;"""140""";Wallhausen;"""1401""";31.12.2018;1123;598;987;136;140;192;136;134;187;334;641
8335043;Konstanz;"""140""";Wallhausen;"""140""";31.12.2018;1123;598;987;136;140;192;136;134;187;334;641
8335043;Konstanz;.;Stadt Konstanz;.;31.12.2018;86190;44696;72718;13472;12166;20906;11199;9345;11911;20663;48631
8335043;Konstanz;"""010""";Altstadt;"""0101""";31.12.2017;1301;659;1030;271;141;408;230;166;149;207;858
8335043;Konstanz;"""010""";Altstadt;"""0102""";31.12.2017;1742;854;1404;338;256;418;305;203;215;345;1065
8335043;Konstanz;"""010""";Altstadt;"""0103""";31.12.2017;2902;1492;2556;346;438;602;462;369;393;638;1690
8335043;Konstanz;"""010""";Altstadt;"""0104""";31.12.2017;2126;1181;1910;216;309;428;279;263;317;530;1262
8335043;Konstanz;"""010""";Altstadt;"""0105""";31.12.2017;1346;720;1218;128;209;340;228;175;181;213;785
8335043;Konstanz;"""010""";Altstadt;"""0106""";31.12.2017;1200;598;1009;191;96;373;225;128;147;231;830
8335043;Konstanz;"""010""";Altstadt;"""0107""";31.12.2017;1447;757;1212;235;156;379;232;164;168;348;958
8335043;Konstanz;"""010""";Altstadt;"""010""";31.12.2017;12064;6261;10339;1725;1605;2948;1961;1468;1570;2512;7448
8335043;Konstanz;"""020""";Paradies;"""0201""";31.12.2017;2836;1544;2539;297;375;518;385;337;443;778;1688
8335043;Konstanz;"""020""";Paradies;"""0202""";31.12.2017;1636;931;1462;174;181;300;236;197;220;502;1040
8335043;Konstanz;"""020""";Paradies;"""0203""";31.12.2017;1094;454;770;324;8;1042;37;5;1;1;672
8335043;Konstanz;"""020""";Paradies;"""0204""";31.12.2017;595;314;577;18;98;109;57;80;120;131;319
8335043;Konstanz;"""020""";Paradies;"""020""";31.12.2017;6161;3243;5348;813;662;1969;715;619;784;1412;3719
8335043;Konstanz;"""030""";Petershausen-West;"""0301""";31.12.2017;984;521;784;200;138;260;154;118;115;199;592
8335043;Konstanz;"""030""";Petershausen-West;"""0302""";31.12.2017;1710;850;1212;498;272;474;259;182;212;311;877
8335043;Konstanz;"""030""";Petershausen-West;"""0303""";31.12.2017;5982;3066;4848;1134;775;1962;1012;638;661;934;3450
8335043;Konstanz;"""030""";Petershausen-West;"""0304""";31.12.2017;3214;1595;2468;746;306;1135;459;298;377;639;2076
8335043;Konstanz;"""030""";Petershausen-West;"""0305""";31.12.2017;1713;910;1474;239;252;381;196;204;278;402;969
8335043;Konstanz;"""030""";Petershausen-West;"""0306""";31.12.2017;2013;1069;1721;292;223;620;297;221;262;390;1193
8335043;Konstanz;"""030""";Petershausen-West;"""030""";31.12.2017;15616;8011;12507;3109;1966;4832;2377;1661;1905;2875;9157
8335043;Konstanz;"""035""";Petershausen-Ost;"""0351""";31.12.2017;2073;1117;1684;389;284;572;253;197;258;509;1207
8335043;Konstanz;"""035""";Petershausen-Ost;"""0352""";31.12.2017;1369;783;1252;117;198;204;158;145;177;487;761
8335043;Konstanz;"""035""";Petershausen-Ost;"""0353""";31.12.2017;1262;670;1156;106;168;206;134;133;214;407;726
8335043;Konstanz;"""035""";Petershausen-Ost;"""0354""";31.12.2017;1137;658;1059;78;131;76;63;111;106;650;621
8335043;Konstanz;"""035""";Petershausen-Ost;"""0355""";31.12.2017;1346;693;1247;99;204;271;114;183;197;377;713
8335043;Konstanz;"""035""";Petershausen-Ost;"""035""";31.12.2017;7187;3921;6398;789;985;1329;722;769;952;2430;4028
8335043;Konstanz;"""040""";Koenigsbau;"""0401""";31.12.2017;1138;594;1010;128;121;323;109;111;172;302;674
8335043;Konstanz;"""040""";Koenigsbau;"""0402""";31.12.2017;1600;868;1254;346;373;275;196;210;236;310;758
8335043;Konstanz;"""040""";Koenigsbau;"""0403""";31.12.2017;2550;1269;1989;561;319;1280;263;163;165;360;1354
8335043;Konstanz;"""040""";Koenigsbau;"""0404""";31.12.2017;906;471;809;97;148;193;109;104;140;212;483
8335043;Konstanz;"""040""";Koenigsbau;"""040""";31.12.2017;6194;3202;5062;1132;961;2071;677;588;713;1184;3269
8335043;Konstanz;"""050""";Allmannsdorf;"""0501""";31.12.2017;1641;867;1502;139;240;274;141;177;284;525;881
8335043;Konstanz;"""050""";Allmannsdorf;"""0502""";31.12.2017;1371;728;1214;157;210;294;160;183;182;342;750
8335043;Konstanz;"""050""";Allmannsdorf;"""0503""";31.12.2017;2322;1236;2076;246;297;551;272;227;350;625;1350
8335043;Konstanz;"""050""";Allmannsdorf;"""050""";31.12.2017;5334;2831;4792;542;747;1119;573;587;816;1492;2981
8335043;Konstanz;"""060""";Staad;"""0601""";31.12.2017;1018;545;933;85;131;135;92;124;169;367;575
8335043;Konstanz;"""060""";Staad;"""0602""";31.12.2017;795;424;711;84;125;119;87;109;93;262;437
8335043;Konstanz;"""060""";Staad;"""060""";31.12.2017;1813;969;1644;169;256;254;179;233;262;629;1012
8335043;Konstanz;"""070""";Fuerstenberg;"""0701""";31.12.2017;4415;2283;3517;898;593;1425;535;424;554;884;2566
8335043;Konstanz;"""070""";Fuerstenberg;"""0702""";31.12.2017;3182;1633;2763;419;388;720;361;324;448;941;1828
8335043;Konstanz;"""070""";Fuerstenberg;"""0703""";31.12.2017;2168;1115;1879;289;337;420;248;240;320;603;1148
8335043;Konstanz;"""070""";Fuerstenberg;"""0704""";31.12.2017;2668;1374;1985;683;335;705;342;318;341;627;1583
8335043;Konstanz;"""070""";Fuerstenberg;"""070""";31.12.2017;12433;6405;10144;2289;1653;3270;1486;1306;1663;3055;7125
8335043;Konstanz;"""080""";Wollmatingen;"""0801""";31.12.2017;2771;1446;2254;517;603;458;419;352;384;555;1363
8335043;Konstanz;"""080""";Wollmatingen;"""0802""";31.12.2017;2170;1096;1945;225;453;422;239;330;339;387;1026
8335043;Konstanz;"""080""";Wollmatingen;"""0803""";31.12.2017;1854;952;1643;211;299;357;203;257;315;423;964
8335043;Konstanz;"""080""";Wollmatingen;"""080""";31.12.2017;6795;3494;5842;953;1355;1237;861;939;1038;1365;3353
8335043;Konstanz;"""090""";Industriegebiet;"""0901""";31.12.2017;826;355;527;299;140;204;104;103;124;151;416
8335043;Konstanz;"""090""";Industriegebiet;"""0902""";31.12.2017;133;49;91;42;13;35;25;21;20;19;84
8335043;Konstanz;"""090""";Industriegebiet;"""0903""";31.12.2017;149;51;63;86;19;46;14;26;23;21;67
8335043;Konstanz;"""090""";Industriegebiet;"""090""";31.12.2017;1108;455;681;427;172;285;143;150;167;191;567
8335043;Konstanz;"""100""";Egg;"""1001""";31.12.2017;761;367;680;81;157;144;87;88;147;138;333
8335043;Konstanz;"""100""";Egg;"""100""";31.12.2017;761;367;680;81;157;144;87;88;147;138;333
8335043;Konstanz;"""110""";Litzelstetten;"""1101""";31.12.2017;1739;888;1588;151;270;265;178;218;268;540;893
8335043;Konstanz;"""110""";Litzelstetten;"""1102""";31.12.2017;2025;1065;1826;199;234;322;210;220;339;700;1133
8335043;Konstanz;"""110""";Litzelstetten;"""1103""";31.12.2017;50;19;11;39;5;9;12;8;11;5;29
8335043;Konstanz;"""110""";Litzelstetten;"""110""";31.12.2017;3814;1972;3425;389;509;596;400;446;618;1245;2055
8335043;Konstanz;"""120""";Dingelsdorf;"""1201""";31.12.2017;1797;915;1649;148;281;307;157;207;333;512;919
8335043;Konstanz;"""120""";Dingelsdorf;"""1202""";31.12.2017;334;156;269;65;47;43;39;47;60;98;160
8335043;Konstanz;"""120""";Dingelsdorf;"""120""";31.12.2017;2131;1071;1918;213;328;350;196;254;393;610;1079
8335043;Konstanz;"""130""";Dettingen;"""1301""";31.12.2017;1609;798;1395;214;333;211;224;185;198;458;740
8335043;Konstanz;"""130""";Dettingen;"""1302""";31.12.2017;1725;890;1606;119;256;264;167;218;279;541;858
8335043;Konstanz;"""130""";Dettingen;"""130""";31.12.2017;3334;1688;3001;333;589;475;391;403;477;999;1598
8335043;Konstanz;"""140""";Wallhausen;"""1401""";31.12.2017;1147;608;1014;133;145;208;141;138;191;324;638
8335043;Konstanz;"""140""";Wallhausen;"""140""";31.12.2017;1147;608;1014;133;145;208;141;138;191;324;638
8335043;Konstanz;.;Stadt Konstanz;.;31.12.2017;85892;44498;72795;13097;12090;21087;10909;9649;11696;20461;48362
8335043;Konstanz;"""010""";Altstadt;"""0101""";31.12.2016;1297;661;1046;251;125;433;220;174;143;202;863
8335043;Konstanz;"""010""";Altstadt;"""0102""";31.12.2016;1690;831;1371;319;233;409;286;214;209;339;1049
8335043;Konstanz;"""010""";Altstadt;"""0103""";31.12.2016;2896;1495;2556;340;436;606;447;364;399;644;1686
8335043;Konstanz;"""010""";Altstadt;"""0104""";31.12.2016;2121;1170;1938;183;307;413;276;288;310;527;1273
8335043;Konstanz;"""010""";Altstadt;"""0105""";31.12.2016;1316;703;1198;118;196;331;236;168;181;204;778
8335043;Konstanz;"""010""";Altstadt;"""0106""";31.12.2016;1178;589;988;190;92;372;218;132;140;224;812
8335043;Konstanz;"""010""";Altstadt;"""0107""";31.12.2016;1452;759;1208;244;154;381;245;168;149;355;971
8335043;Konstanz;"""010""";Altstadt;"""010""";31.12.2016;11950;6208;10305;1645;1543;2945;1928;1508;1531;2495;7432
8335043;Konstanz;"""020""";Paradies;"""0201""";31.12.2016;2816;1529;2529;287;371;498;379;363;427;778;1674
8335043;Konstanz;"""020""";Paradies;"""0202""";31.12.2016;1592;899;1407;185;189;276;227;201;202;497;1004
8335043;Konstanz;"""020""";Paradies;"""0203""";31.12.2016;1100;437;725;375;7;1039;41;11;NA;NA;692
8335043;Konstanz;"""020""";Paradies;"""0204""";31.12.2016;608;320;585;23;105;104;53;99;NA;NA;320
8335043;Konstanz;"""020""";Paradies;"""020""";31.12.2016;6116;3185;5246;870;672;1917;700;674;744;1409;3690
8335043;Konstanz;"""030""";Petershausen-West;"""0301""";31.12.2016;972;509;763;209;143;254;145;123;111;196;600
8335043;Konstanz;"""030""";Petershausen-West;"""0302""";31.12.2016;1712;863;1223;489;286;473;254;178;208;313;873
8335043;Konstanz;"""030""";Petershausen-West;"""0303""";31.12.2016;5952;3068;4861;1091;781;1956;998;666;645;906;3403
8335043;Konstanz;"""030""";Petershausen-West;"""0304""";31.12.2016;3215;1605;2455;760;310;1131;451;327;374;622;2071
8335043;Konstanz;"""030""";Petershausen-West;"""0305""";31.12.2016;1702;895;1472;230;249;384;187;209;275;398;954
8335043;Konstanz;"""030""";Petershausen-West;"""0306""";31.12.2016;1999;1052;1729;270;214;663;272;205;259;386;1193
8335043;Konstanz;"""030""";Petershausen-West;"""030""";31.12.2016;15552;7992;12503;3049;1983;4861;2307;1708;1872;2821;9094
8335043;Konstanz;"""035""";Petershausen-Ost;"""0351""";31.12.2016;2073;1134;1668;405;283;550;274;217;250;499;1197
8335043;Konstanz;"""035""";Petershausen-Ost;"""0352""";31.12.2016;1362;772;1255;107;191;205;150;149;174;493;753
8335043;Konstanz;"""035""";Petershausen-Ost;"""0353""";31.12.2016;1246;660;1135;111;166;202;141;141;204;392;731
8335043;Konstanz;"""035""";Petershausen-Ost;"""0354""";31.12.2016;1122;645;1045;77;132;67;71;116;111;625;618
8335043;Konstanz;"""035""";Petershausen-Ost;"""0355""";31.12.2016;1353;696;1267;86;211;268;119;188;189;378;725
8335043;Konstanz;"""035""";Petershausen-Ost;"""035""";31.12.2016;7156;3907;6370;786;983;1292;755;811;928;2387;4024
8335043;Konstanz;"""040""";Koenigsbau;"""0401""";31.12.2016;1134;593;1019;115;129;319;98;128;162;298;663
8335043;Konstanz;"""040""";Koenigsbau;"""0402""";31.12.2016;1609;869;1256;353;383;265;209;220;232;300;752
8335043;Konstanz;"""040""";Koenigsbau;"""0403""";31.12.2016;2494;1254;1884;610;307;1253;251;168;167;348;1320
8335043;Konstanz;"""040""";Koenigsbau;"""0404""";31.12.2016;909;477;814;95;147;197;104;110;132;219;478
8335043;Konstanz;"""040""";Koenigsbau;"""040""";31.12.2016;6146;3193;4973;1173;966;2034;662;626;693;1165;3213
8335043;Konstanz;"""050""";Allmannsdorf;"""0501""";31.12.2016;1659;885;1529;130;250;282;127;197;275;528;890
8335043;Konstanz;"""050""";Allmannsdorf;"""0502""";31.12.2016;1357;734;1208;149;197;307;156;173;181;343;755
8335043;Konstanz;"""050""";Allmannsdorf;"""0503""";31.12.2016;2289;1211;2066;223;284;559;251;232;365;598;1320
8335043;Konstanz;"""050""";Allmannsdorf;"""050""";31.12.2016;5305;2830;4803;502;731;1148;534;602;821;1469;2965
8335043;Konstanz;"""060""";Staad;"""0601""";31.12.2016;1018;539;938;80;131;135;88;136;161;367;581
8335043;Konstanz;"""060""";Staad;"""0602""";31.12.2016;789;411;719;70;125;111;82;111;97;263;424
8335043;Konstanz;"""060""";Staad;"""060""";31.12.2016;1807;950;1657;150;256;246;170;247;258;630;1005
8335043;Konstanz;"""070""";Fuerstenberg;"""0701""";31.12.2016;4381;2280;3514;867;586;1399;522;459;542;873;2541
8335043;Konstanz;"""070""";Fuerstenberg;"""0702""";31.12.2016;3164;1630;2773;391;366;724;361;328;455;930;1820
8335043;Konstanz;"""070""";Fuerstenberg;"""0703""";31.12.2016;2064;1082;1818;246;318;382;239;234;284;607;1090
8335043;Konstanz;"""070""";Fuerstenberg;"""0704""";31.12.2016;2624;1371;2024;600;331;671;336;308;351;627;1553
8335043;Konstanz;"""070""";Fuerstenberg;"""070""";31.12.2016;12233;6363;10129;2104;1601;3176;1458;1329;1632;3037;7004
8335043;Konstanz;"""080""";Wollmatingen;"""0801""";31.12.2016;2682;1408;2247;435;561;469;380;364;362;546;1337
8335043;Konstanz;"""080""";Wollmatingen;"""0802""";31.12.2016;2210;1108;1965;245;473;446;241;349;325;376;1023
8335043;Konstanz;"""080""";Wollmatingen;"""0803""";31.12.2016;1984;960;1673;311;306;447;231;280;308;412;1039
8335043;Konstanz;"""080""";Wollmatingen;"""080""";31.12.2016;6876;3476;5885;991;1340;1362;852;993;995;1334;3399
8335043;Konstanz;"""090""";Industriegebiet;"""0901""";31.12.2016;810;350;553;257;122;195;113;105;126;149;429
8335043;Konstanz;"""090""";Industriegebiet;"""0902""";31.12.2016;126;51;90;36;15;33;22;21;21;14;74
8335043;Konstanz;"""090""";Industriegebiet;"""0903""";31.12.2016;145;56;51;94;26;51;6;26;17;19;62
8335043;Konstanz;"""090""";Industriegebiet;"""090""";31.12.2016;1081;457;694;387;163;279;141;152;164;182;565
8335043;Konstanz;"""100""";Egg;"""1001""";31.12.2016;779;366;728;51;164;157;78;108;138;134;351
8335043;Konstanz;"""100""";Egg;"""100""";31.12.2016;779;366;728;51;164;157;78;108;138;134;351
8335043;Konstanz;"""110""";Litzelstetten;"""1101""";31.12.2016;1737;894;1593;144;NA;273;165;232;258;NA;901
8335043;Konstanz;"""110""";Litzelstetten;"""1102""";31.12.2016;2062;1070;1865;197;243;344;194;248;351;682;1160
8335043;Konstanz;"""110""";Litzelstetten;"""1103""";31.12.2016;42;16;10;32;NA;8;12;9;6;NA;26
8335043;Konstanz;"""110""";Litzelstetten;"""110""";31.12.2016;3841;1980;3468;373;507;625;371;489;615;1234;2087
8335043;Konstanz;"""120""";Dingelsdorf;"""1201""";31.12.2016;1805;918;1675;130;289;318;153;218;335;492;907
8335043;Konstanz;"""120""";Dingelsdorf;"""1202""";31.12.2016;332;158;279;53;48;48;37;41;63;95;163
8335043;Konstanz;"""120""";Dingelsdorf;"""120""";31.12.2016;2137;1076;1954;183;337;366;190;259;398;587;1070
8335043;Konstanz;"""130""";Dettingen;"""1301""";31.12.2016;1608;804;1350;258;337;206;212;200;205;448;729
8335043;Konstanz;"""130""";Dettingen;"""1302""";31.12.2016;1740;914;1622;118;271;251;175;230;293;520;869
8335043;Konstanz;"""130""";Dettingen;"""130""";31.12.2016;3348;1718;2972;376;608;457;387;430;498;968;1598
8335043;Konstanz;"""140""";Wallhausen;"""1401""";31.12.2016;1151;611;1014;137;155;217;125;143;186;325;638
8335043;Konstanz;"""140""";Wallhausen;"""140""";31.12.2016;1151;611;1014;137;155;217;125;143;186;325;638
8335043;Konstanz;.;Stadt Konstanz;.;31.12.2016;85478;44312;72701;12777;12009;21082;10658;10079;11473;20177;48135
8335043;Konstanz;"""010""";Altstadt;"""0101""";31.12.2015;1286;639;1027;259;126;412;224;188;141;195;869
8335043;Konstanz;"""010""";Altstadt;"""0102""";31.12.2015;1685;838;1368;317;225;407;292;221;201;339;1050
8335043;Konstanz;"""010""";Altstadt;"""0103""";31.12.2015;2879;1503;2536;343;427;585;458;392;380;637;1687
8335043;Konstanz;"""010""";Altstadt;"""0104""";31.12.2015;2144;1183;1968;176;311;446;278;305;290;514;1283
8335043;Konstanz;"""010""";Altstadt;"""0105""";31.12.2015;1352;728;1228;124;208;351;240;190;167;196;787
8335043;Konstanz;"""010""";Altstadt;"""0106""";31.12.2015;1213;596;1028;185;94;401;224;142;136;216;830
8335043;Konstanz;"""010""";Altstadt;"""0107""";31.12.2015;1428;760;1197;231;149;380;249;167;141;342;976
8335043;Konstanz;"""010""";Altstadt;"""010""";31.12.2015;11987;6247;10352;1635;1540;2982;1965;1605;1456;2439;7482
8335043;Konstanz;"""020""";Paradies;"""0201""";31.12.2015;2803;1547;2526;277;369;476;388;410;386;774;1669
8335043;Konstanz;"""020""";Paradies;"""0202""";31.12.2015;1557;880;1387;170;189;290;195;202;188;493;983
8335043;Konstanz;"""020""";Paradies;"""0203""";31.12.2015;1155;462;737;418;37;1034;56;19;6;3;710
8335043;Konstanz;"""020""";Paradies;"""0204""";31.12.2015;607;314;580;27;100;113;60;97;106;131;318
8335043;Konstanz;"""020""";Paradies;"""020""";31.12.2015;6122;3203;5230;892;695;1913;699;728;686;1401;3680
8335043;Konstanz;"""030""";Petershausen-West;"""0301""";31.12.2015;921;485;735;186;125;260;121;113;113;189;583
8335043;Konstanz;"""030""";Petershausen-West;"""0302""";31.12.2015;1646;848;1240;406;274;449;234;192;185;312;837
8335043;Konstanz;"""030""";Petershausen-West;"""0303""";31.12.2015;5583;2906;4588;995;741;1828;892;646;616;860;3278
8335043;Konstanz;"""030""";Petershausen-West;"""0304""";31.12.2015;3456;1628;2513;943;329;1259;504;355;387;622;2183
8335043;Konstanz;"""030""";Petershausen-West;"""0305""";31.12.2015;1755;928;1533;222;262;409;197;222;271;394;966
8335043;Konstanz;"""030""";Petershausen-West;"""0306""";31.12.2015;1986;1041;1733;253;234;652;259;209;250;382;1176
8335043;Konstanz;"""030""";Petershausen-West;"""030""";31.12.2015;15347;7836;12342;3005;1965;4857;2207;1737;1822;2759;9023
8335043;Konstanz;"""035""";Petershausen-Ost;"""0351""";31.12.2015;2063;1131;1659;404;290;556;260;222;241;494;1214
8335043;Konstanz;"""035""";Petershausen-Ost;"""0352""";31.12.2015;1363;771;1259;104;200;208;138;163;166;488;751
8335043;Konstanz;"""035""";Petershausen-Ost;"""0353""";31.12.2015;1240;645;1144;96;152;218;128;150;203;389;738
8335043;Konstanz;"""035""";Petershausen-Ost;"""0354""";31.12.2015;1111;645;1044;67;131;64;73;115;102;626;616
8335043;Konstanz;"""035""";Petershausen-Ost;"""0355""";31.12.2015;1343;696;1249;94;211;255;112;193;201;371;722
8335043;Konstanz;"""035""";Petershausen-Ost;"""035""";31.12.2015;7120;3888;6355;765;984;1301;711;843;913;2368;4041
8335043;Konstanz;"""040""";Koenigsbau;"""0401""";31.12.2015;1131;602;1032;99;138;299;93;148;161;292;668
8335043;Konstanz;"""040""";Koenigsbau;"""0402""";31.12.2015;1612;869;1258;354;384;280;204;220;237;287;744
8335043;Konstanz;"""040""";Koenigsbau;"""0403""";31.12.2015;2207;1096;1737;470;193;1196;188;140;166;324;1254
8335043;Konstanz;"""040""";Koenigsbau;"""0404""";31.12.2015;903;469;816;87;155;183;105;112;130;218;473
8335043;Konstanz;"""040""";Koenigsbau;"""040""";31.12.2015;5853;3036;4843;1010;870;1958;590;620;694;1121;3139
8335043;Konstanz;"""050""";Allmannsdorf;"""0501""";31.12.2015;1677;895;1545;132;264;281;137;201;268;526;885
8335043;Konstanz;"""050""";Allmannsdorf;"""0502""";31.12.2015;1341;718;1205;136;193;301;148;181;176;342;748
8335043;Konstanz;"""050""";Allmannsdorf;"""0503""";31.12.2015;2297;1205;2045;252;284;587;227;257;361;581;1353
8335043;Konstanz;"""050""";Allmannsdorf;"""050""";31.12.2015;5315;2818;4795;520;741;1169;512;639;805;1449;2986
8335043;Konstanz;"""060""";Staad;"""0601""";31.12.2015;1018;540;943;75;126;138;83;141;153;377;583
8335043;Konstanz;"""060""";Staad;"""0602""";31.12.2015;779;405;709;70;121;97;89;120;96;256;425
8335043;Konstanz;"""060""";Staad;"""060""";31.12.2015;1797;945;1652;145;247;235;172;261;249;633;1008
8335043;Konstanz;"""070""";Fuerstenberg;"""0701""";31.12.2015;4175;2190;3378;797;576;1214;521;475;531;858;2388
8335043;Konstanz;"""070""";Fuerstenberg;"""0702""";31.12.2015;3163;1624;2820;343;382;692;371;351;448;919;1812
8335043;Konstanz;"""070""";Fuerstenberg;"""0703""";31.12.2015;2077;1087;1815;262;310;403;232;239;273;620;1098
8335043;Konstanz;"""070""";Fuerstenberg;"""0704""";31.12.2015;2607;1367;2055;552;347;674;341;289;335;621;1536
8335043;Konstanz;"""070""";Fuerstenberg;"""070""";31.12.2015;12022;6268;10068;1954;1615;2983;1465;1354;1587;3018;6834
8335043;Konstanz;"""080""";Wollmatingen;"""0801""";31.12.2015;2643;1399;2234;409;569;432;370;364;354;554;1294
8335043;Konstanz;"""080""";Wollmatingen;"""0802""";31.12.2015;2191;1108;1930;261;485;426;258;358;303;361;1013
8335043;Konstanz;"""080""";Wollmatingen;"""0803""";31.12.2015;1849;961;1662;187;314;345;204;300;278;408;958
8335043;Konstanz;"""080""";Wollmatingen;"""080""";31.12.2015;6683;3468;5826;857;1368;1203;832;1022;935;1323;3265
8335043;Konstanz;"""090""";Industriegebiet;"""0901""";31.12.2015;821;353;561;260;122;172;122;144;119;142;439
8335043;Konstanz;"""090""";Industriegebiet;"""0902""";31.12.2015;136;59;102;34;NA;36;NA;17;23;14;76
8335043;Konstanz;"""090""";Industriegebiet;"""0903""";31.12.2015;67;23;53;14;NA;14;NA;14;16;17;45
8335043;Konstanz;"""090""";Industriegebiet;"""090""";31.12.2015;1024;435;716;308;143;222;153;175;158;173;560
8335043;Konstanz;"""100""";Egg;"""1001""";31.12.2015;757;368;709;48;168;130;85;123;119;132;332
8335043;Konstanz;"""100""";Egg;"""100""";31.12.2015;757;368;709;48;168;130;85;123;119;132;332
8335043;Konstanz;"""110""";Litzelstetten;"""1101""";31.12.2015;1723;900;1598;125;NA;254;161;268;225;NA;907
8335043;Konstanz;"""110""";Litzelstetten;"""1102""";31.12.2015;2056;1063;1865;191;236;354;183;265;343;675;1161
8335043;Konstanz;"""110""";Litzelstetten;"""1103""";31.12.2015;40;16;12;28;NA;14;6;8;7;NA;28
8335043;Konstanz;"""110""";Litzelstetten;"""110""";31.12.2015;3819;1979;3475;344;490;622;350;541;575;1241;2096
8335043;Konstanz;"""120""";Dingelsdorf;"""1201""";31.12.2015;1808;930;1686;122;301;303;174;232;318;480;901
8335043;Konstanz;"""120""";Dingelsdorf;"""1202""";31.12.2015;334;160;284;50;44;53;37;45;67;88;167
8335043;Konstanz;"""120""";Dingelsdorf;"""120""";31.12.2015;2142;1090;1970;172;345;356;211;277;385;568;1068
8335043;Konstanz;"""130""";Dettingen;"""1301""";31.12.2015;1390;701;1290;100;250;171;157;175;192;445;660
8335043;Konstanz;"""130""";Dettingen;"""1302""";31.12.2015;1751;911;1627;124;274;248;186;252;282;509;867
8335043;Konstanz;"""130""";Dettingen;"""130""";31.12.2015;3141;1612;2917;224;524;419;343;427;474;954;1527
8335043;Konstanz;"""140""";Wallhausen;"""1401""";31.12.2015;1161;625;1036;125;147;233;122;149;193;317;633
8335043;Konstanz;"""140""";Wallhausen;"""140""";31.12.2015;1161;625;1036;125;147;233;122;149;193;317;633
8335043;Konstanz;.;Stadt Konstanz;.;31.12.2015;84290;43818;72286;12004;11842;20583;10417;10501;11051;19896;47674
8335043;Konstanz;"""010""";Altstadt;"""0101""";31.12.2014;1281;651;1009;272;130;410;236;178;139;188;865
8335043;Konstanz;"""010""";Altstadt;"""0102""";31.12.2014;1707;842;1385;322;228;410;293;244;201;331;1059
8335043;Konstanz;"""010""";Altstadt;"""0103""";31.12.2014;2859;1502;2533;326;420;585;458;392;367;637;1685
8335043;Konstanz;"""010""";Altstadt;"""0104""";31.12.2014;2121;1198;1958;163;307;433;286;318;263;514;1282
8335043;Konstanz;"""010""";Altstadt;"""0105""";31.12.2014;1318;708;1197;121;192;360;226;193;151;196;796
8335043;Konstanz;"""010""";Altstadt;"""0106""";31.12.2014;1232;621;1055;177;94;415;222;149;139;213;834
8335043;Konstanz;"""010""";Altstadt;"""0107""";31.12.2014;1429;741;1205;224;148;390;242;174;138;337;986
8335043;Konstanz;"""010""";Altstadt;"""010""";31.12.2014;11947;6263;10342;1605;1519;3003;1963;1648;1398;2416;7507
8335043;Konstanz;"""020""";Paradies;"""0201""";31.12.2014;2784;1519;2520;264;368;494;373;419;375;755;1660
8335043;Konstanz;"""020""";Paradies;"""0202""";31.12.2014;1552;884;1379;173;196;290;190;199;179;498;972
8335043;Konstanz;"""020""";Paradies;"""0203""";31.12.2014;1079;423;716;363;9;999;52;12;4;NA;699
8335043;Konstanz;"""020""";Paradies;"""0204""";31.12.2014;617;316;591;26;108;110;64;105;96;NA;326
8335043;Konstanz;"""020""";Paradies;"""020""";31.12.2014;6032;3142;5206;826;681;1893;679;735;654;1390;3657
8335043;Konstanz;"""030""";Petershausen-West;"""0301""";31.12.2014;904;473;717;187;113;254;115;120;112;190;564
8335043;Konstanz;"""030""";Petershausen-West;"""0302""";31.12.2014;1658;860;1223;435;281;452;227;213;181;304;849
8335043;Konstanz;"""030""";Petershausen-West;"""0303""";31.12.2014;5421;2830;4508;913;744;1788;822;651;572;844;3175
8335043;Konstanz;"""030""";Petershausen-West;"""0304""";31.12.2014;3212;1580;2529;683;310;1120;444;344;363;631;2055
8335043;Konstanz;"""030""";Petershausen-West;"""0305""";31.12.2014;1745;928;1568;177;254;407;187;234;254;409;971
8335043;Konstanz;"""030""";Petershausen-West;"""0306""";31.12.2014;1951;1010;1683;268;230;625;263;229;239;365;1135
8335043;Konstanz;"""030""";Petershausen-West;"""030""";31.12.2014;14891;7681;12228;2663;1932;4646;2058;1791;1721;2743;8749
8335043;Konstanz;"""035""";Petershausen-Ost;"""0351""";31.12.2014;2039;1110;1688;351;285;566;243;218;244;483;1216
8335043;Konstanz;"""035""";Petershausen-Ost;"""0352""";31.12.2014;1366;782;1278;88;203;203;133;167;178;482;748
8335043;Konstanz;"""035""";Petershausen-Ost;"""0353""";31.12.2014;1232;643;1143;89;167;207;122;155;195;386;728
8335043;Konstanz;"""035""";Petershausen-Ost;"""0354""";31.12.2014;1101;646;1043;58;130;59;68;118;95;631;602
8335043;Konstanz;"""035""";Petershausen-Ost;"""0355""";31.12.2014;1329;692;1240;89;204;255;106;197;199;368;713
8335043;Konstanz;"""035""";Petershausen-Ost;"""035""";31.12.2014;7067;3873;6392;675;989;1290;672;855;911;2350;4007
8335043;Konstanz;"""040""";Koenigsbau;"""0401""";31.12.2014;1125;612;1019;106;133;303;91;143;156;299;675
8335043;Konstanz;"""040""";Koenigsbau;"""0402""";31.12.2014;1573;846;1249;324;377;273;189;231;213;290;722
8335043;Konstanz;"""040""";Koenigsbau;"""0403""";31.12.2014;2156;1071;1701;455;181;1183;163;131;162;336;1239
8335043;Konstanz;"""040""";Koenigsbau;"""0404""";31.12.2014;919;476;836;83;157;192;118;107;126;219;478
8335043;Konstanz;"""040""";Koenigsbau;"""040""";31.12.2014;5773;3005;4805;968;848;1951;561;612;657;1144;3114
8335043;Konstanz;"""050""";Allmannsdorf;"""0501""";31.12.2014;1667;884;1548;119;259;264;146;227;246;525;866
8335043;Konstanz;"""050""";Allmannsdorf;"""0502""";31.12.2014;1347;717;1214;133;192;295;149;191;174;346;752
8335043;Konstanz;"""050""";Allmannsdorf;"""0503""";31.12.2014;2279;1204;2050;229;285;571;220;278;349;576;1337
8335043;Konstanz;"""050""";Allmannsdorf;"""050""";31.12.2014;5293;2805;4812;481;736;1130;515;696;769;1447;2955
8335043;Konstanz;"""060""";Staad;"""0601""";31.12.2014;1039;555;958;81;127;150;95;152;138;377;591
8335043;Konstanz;"""060""";Staad;"""0602""";31.12.2014;774;411;705;69;112;112;84;114;88;264;423
8335043;Konstanz;"""060""";Staad;"""060""";31.12.2014;1813;966;1663;150;239;262;179;266;226;641;1014
8335043;Konstanz;"""070""";Fuerstenberg;"""0701""";31.12.2014;4026;2128;3316;710;588;1092;483;486;532;845;2308
8335043;Konstanz;"""070""";Fuerstenberg;"""0702""";31.12.2014;3062;1565;2749;313;369;668;343;353;430;899;1766
8335043;Konstanz;"""070""";Fuerstenberg;"""0703""";31.12.2014;2065;1098;1831;234;312;379;237;225;281;631;1111
8335043;Konstanz;"""070""";Fuerstenberg;"""0704""";31.12.2014;2594;1340;2072;522;328;697;324;287;339;619;1518
8335043;Konstanz;"""070""";Fuerstenberg;"""070""";31.12.2014;11747;6131;9968;1779;1597;2836;1387;1351;1582;2994;6703
8335043;Konstanz;"""080""";Wollmatingen;"""0801""";31.12.2014;2644;1395;2216;428;547;447;365;383;343;559;1303
8335043;Konstanz;"""080""";Wollmatingen;"""0802""";31.12.2014;2130;1077;1890;240;478;390;257;380;270;355;989
8335043;Konstanz;"""080""";Wollmatingen;"""0803""";31.12.2014;1839;950;1665;174;333;350;208;299;248;401;943
8335043;Konstanz;"""080""";Wollmatingen;"""080""";31.12.2014;6613;3422;5771;842;1358;1187;830;1062;861;1315;3235
8335043;Konstanz;"""090""";Industriegebiet;"""0901""";31.12.2014;788;353;575;213;121;165;108;130;131;133;422
8335043;Konstanz;"""090""";Industriegebiet;"""0902""";31.12.2014;128;55;91;37;15;32;21;21;20;19;75
8335043;Konstanz;"""090""";Industriegebiet;"""0903""";31.12.2014;35;11;31;4;0;6;5;4;9;11;31
8335043;Konstanz;"""090""";Industriegebiet;"""090""";31.12.2014;951;419;697;254;136;203;134;155;160;163;528
8335043;Konstanz;"""100""";Egg;"""1001""";31.12.2014;770;373;732;38;174;126;91;137;114;128;332
8335043;Konstanz;"""100""";Egg;"""100""";31.12.2014;770;373;732;38;174;126;91;137;114;128;332
8335043;Konstanz;"""110""";Litzelstetten;"""1101""";31.12.2014;1745;909;1.623;122;NA;261;159;271;231;NA;905
8335043;Konstanz;"""110""";Litzelstetten;"""1102""";31.12.2014;2082;1073;1.895;187;256;343;197;289;347;650;1157
8335043;Konstanz;"""110""";Litzelstetten;"""1103""";31.12.2014;43;17;11;32;NA;12;11;7;7;NA;26
8335043;Konstanz;"""110""";Litzelstetten;"""110""";31.12.2014;3870;1999;3529;341;523;616;367;567;585;1212;2088
8335043;Konstanz;"""120""";Dingelsdorf;"""1201""";31.12.2014;1792;925;1680;112;292;298;161;256;313;472;894
8335043;Konstanz;"""120""";Dingelsdorf;"""1202""";31.12.2014;330;157;296;34;44;59;35;42;61;89;166
8335043;Konstanz;"""120""";Dingelsdorf;"""120""";31.12.2014;2122;1082;1976;146;336;357;196;298;374;561;1060
8335043;Konstanz;"""130""";Dettingen;"""1301""";31.12.2014;1397;713;1310;87;237;193;151;176;202;438;665
8335043;Konstanz;"""130""";Dettingen;"""1302""";31.12.2014;1727;898;1631;96;280;254;171;251;266;505;846
8335043;Konstanz;"""130""";Dettingen;"""130""";31.12.2014;3124;1611;2941;183;517;447;322;427;468;943;1511
8335043;Konstanz;"""140""";Wallhausen;"""1401""";31.12.2014;1166;630;1.030;136;157;217;133;152;186;321;654
8335043;Konstanz;"""140""";Wallhausen;"""140""";31.12.2014;1166;630;1030;136;157;217;133;152;186;321;654
8335043;Konstanz;.;Stadt Konstanz;.;31.12.2014;83179;43402;72092;11087;11742;20164;10087;10752;10666;19768;47114
8335043;Konstanz;"""010""";Altstadt;"""0101""";31.12.2013;1300;650;1023;277;132;414;250;186;126;192;889
8335043;Konstanz;"""010""";Altstadt;"""0102""";31.12.2013;1713;847;1382;331;221;430;287;256;206;313;1060
8335043;Konstanz;"""010""";Altstadt;"""0103""";31.12.2013;2823;1481;2504;319;416;576;449;427;340;615;1680
8335043;Konstanz;"""010""";Altstadt;"""0104""";31.12.2013;2147;1213;1981;166;316;448;297;312;254;520;1284
8335043;Konstanz;"""010""";Altstadt;"""0105""";31.12.2013;1324;710;1206;118;197;359;224;213;147;184;806
8335043;Konstanz;"""010""";Altstadt;"""0106""";31.12.2013;1221;610;1064;157;84;414;236;148;134;205;855
8335043;Konstanz;"""010""";Altstadt;"""0107""";31.12.2013;1395;720;1187;208;139;388;237;169;145;317;983
8335043;Konstanz;"""010""";Altstadt;"""010""";31.12.2013;11923;6231;10347;1576;1505;3029;1980;1711;1352;2346;7557
8335043;Konstanz;"""020""";Paradies;"""0201""";31.12.2013;2.798;1.518;2.539;259;394;489;370;439;349;757;1.667
8335043;Konstanz;"""020""";Paradies;"""0202""";31.12.2013;1.534;883;1.366;168;189;271;201;202;177;494;959
8335043;Konstanz;"""020""";Paradies;"""0203""";31.12.2013;1.060;442;677;383;8;1.006;37;6;NA;NA;678
8335043;Konstanz;"""020""";Paradies;"""0204""";31.12.2013;638;320;616;22;121;120;71;110;NA;NA;330
8335043;Konstanz;"""020""";Paradies;"""020""";31.12.2013;6.030;3.163;5.198;832;712;1.886;679;757;608;1.388;3.634
8335043;Konstanz;"""030""";Petershausen-West;"""0301""";31.12.2013;1.070;535;755;315;158;307;164;136;115;190;629
8335043;Konstanz;"""030""";Petershausen-West;"""0302""";31.12.2013;1.652;843;1.203;449;286;443;228;216;176;303;850
8335043;Konstanz;"""030""";Petershausen-West;"""0303""";31.12.2013;5.269;2.762;4.470;799;720;1.801;768;617;549;814;3.124
8335043;Konstanz;"""030""";Petershausen-West;"""0304""";31.12.2013;3.183;1.551;2.523;660;308;1.124;406;365;351;629;2.041
8335043;Konstanz;"""030""";Petershausen-West;"""0305""";31.12.2013;1.716;908;1.551;165;250;383;182;252;238;411;963
8335043;Konstanz;"""030""";Petershausen-West;"""0306""";31.12.2013;1.953;998;1.695;258;236;652;257;231;229;348;1.142
8335043;Konstanz;"""030""";Petershausen-West;"""030""";31.12.2013;14.843;7.597;12.197;2.646;1.958;4.710;2.005;1.817;1.658;2.695;8.749
8335043;Konstanz;"""035""";Petershausen-Ost;"""0351""";31.12.2013;1.927;1.082;1.697;230;250;507;223;220;230;497;1.173
8335043;Konstanz;"""035""";Petershausen-Ost;"""0352""";31.12.2013;1.341;771;1.266;75;188;197;136;173;176;471;745
8335043;Konstanz;"""035""";Petershausen-Ost;"""0353""";31.12.2013;1.245;659;1.151;94;182;195;121;180;182;385;726
8335043;Konstanz;"""035""";Petershausen-Ost;"""0354""";31.12.2013;1.087;642;1.033;54;126;54;66;126;91;624;597
8335043;Konstanz;"""035""";Petershausen-Ost;"""0355""";31.12.2013;1.338;697;1.247;91;207;275;114;193;184;365;722
8335043;Konstanz;"""035""";Petershausen-Ost;"""035""";31.12.2013;6.938;3.851;6.394;544;953;1.228;660;892;863;2.342;3.963
8335043;Konstanz;"""040""";Koenigsbau;"""0401""";31.12.2013;1.149;635;1.036;113;138;311;94;150;148;308;690
8335043;Konstanz;"""040""";Koenigsbau;"""0402""";31.12.2013;1.525;818;1.229;296;366;261;167;235;204;292;699
8335043;Konstanz;"""040""";Koenigsbau;"""0403""";31.12.2013;2.079;1.026;1.666;413;202;1.084;172;132;152;337;1.167
8335043;Konstanz;"""040""";Koenigsbau;"""0404""";31.12.2013;909;474;816;93;159;188;104;111;127;220;486
8335043;Konstanz;"""040""";Koenigsbau;"""040""";31.12.2013;5.662;2.953;4.747;915;865;1.844;537;628;631;1.157;3.042
8335043;Konstanz;"""050""";Allmannsdorf;"""0501""";31.12.2013;1.662;897;1.566;96;269;256;151;236;221;529;865
8335043;Konstanz;"""050""";Allmannsdorf;"""0502""";31.12.2013;1.313;696;1.191;122;192;281;120;185;175;360;733
8335043;Konstanz;"""050""";Allmannsdorf;"""0503""";31.12.2013;2.266;1.190;2.046;220;285;567;207;306;321;580;1.313
8335043;Konstanz;"""050""";Allmannsdorf;"""050""";31.12.2013;5.241;2.783;4.803;438;746;1.104;478;727;717;1.469;2.911
8335043;Konstanz;"""060""";Staad;"""0601""";31.12.2013;1.015;532;941;74;127;135;98;153;126;376;576
8335043;Konstanz;"""060""";Staad;"""0602""";31.12.2013;775;406;717;58;109;115;94;113;91;253;419
8335043;Konstanz;"""060""";Staad;"""060""";31.12.2013;1.790;938;1.658;132;236;250;192;266;217;629;995
8335043;Konstanz;"""070""";Fuerstenberg;"""0701""";31.12.2013;4.034;2.139;3.329;705;591;1.108;453;535;501;846;2.331
8335043;Konstanz;"""070""";Fuerstenberg;"""0702""";31.12.2013;3.023;1.542;2.731;292;338;688;326;368;411;892;1.765
8335043;Konstanz;"""070""";Fuerstenberg;"""0703""";31.12.2013;2.038;1.087;1.831;207;314;377;216;248;275;608;1.098
8335043;Konstanz;"""070""";Fuerstenberg;"""0704""";31.12.2013;2.591;1.353;2.082;509;331;689;320;296;331;624;1.518
8335043;Konstanz;"""070""";Fuerstenberg;"""070""";31.12.2013;11.686;6.121;9.973;1.713;1.574;2.862;1.315;1.447;1.518;2.970;6.712
8335043;Konstanz;"""080""";Wollmatingen;"""0801""";31.12.2013;2.629;1.383;2.223;406;527;467;345;408;329;553;1.295
8335043;Konstanz;"""080""";Wollmatingen;"""0802""";31.12.2013;2.089;1.062;1.844;245;473;352;256;405;241;362;968
8335043;Konstanz;"""080""";Wollmatingen;"""0803""";31.12.2013;1.843;962;1.669;174;329;346;217;323;222;406;949
8335043;Konstanz;"""080""";Wollmatingen;"""080""";31.12.2013;6.561;3.407;5.736;825;1.329;1.165;818;1.136;792;1.321;3.212
8335043;Konstanz;"""090""";Industriegebiet;"""0901""";31.12.2013;790;369;589;201;122;183;102;135;113;135;426
8335043;Konstanz;"""090""";Industriegebiet;"""0902""";31.12.2013;131;58;95;NA;NA;36;NA;21;23;15;79
8335043;Konstanz;"""090""";Industriegebiet;"""0903""";31.12.2013;39;12;36;NA;NA;6;NA;7;7;13;31
8335043;Konstanz;"""090""";Industriegebiet;"""090""";31.12.2013;960;439;720;240;143;225;123;163;143;163;536
8335043;Konstanz;"""100""";Egg;"""1001""";31.12.2013;736;358;706;30;156;127;80;133;115;125;327
8335043;Konstanz;"""100""";Egg;"""100""";31.12.2013;736;358;706;30;156;127;80;133;115;125;327
8335043;Konstanz;"""110""";Litzelstetten;"""1101""";31.12.2013;1.747;910;1.611;136;268;256;169;284;222;NA;898
8335043;Konstanz;"""110""";Litzelstetten;"""1102""";31.12.2013;2.085;1.078;1.912;173;260;336;203;304;337;645;1.167
8335043;Konstanz;"""110""";Litzelstetten;"""1103""";31.12.2013;46;16;15;31;4;14;10;8;8;NA;28
8335043;Konstanz;"""110""";Litzelstetten;"""110""";31.12.2013;3.878;2.004;3.538;340;532;606;382;596;567;1.195;2.093
8335043;Konstanz;"""120""";Dingelsdorf;"""1201""";31.12.2013;1.799;929;1.700;99;284;328;149;265;304;469;895
8335043;Konstanz;"""120""";Dingelsdorf;"""1202""";31.12.2013;339;163;305;34;44;66;30;47;65;87;172
8335043;Konstanz;"""120""";Dingelsdorf;"""120""";31.12.2013;2.138;1.092;2.005;133;328;394;179;312;369;556;1.067
8335043;Konstanz;"""130""";Dettingen;"""1301""";31.12.2013;1.318;677;1.241;77;217;177;130;167;195;432;630
8335043;Konstanz;"""130""";Dettingen;"""1302""";31.12.2013;1.730;900;1.637;93;276;255;174;270;257;498;862
8335043;Konstanz;"""130""";Dettingen;"""130""";31.12.2013;3.048;1.577;2.878;170;493;432;304;437;452;930;1.492
8335043;Konstanz;"""140""";Wallhausen;"""1401""";31.12.2013;1.123;606;1.003;120;156;193;126;150;176;322;642
8335043;Konstanz;"""140""";Wallhausen;"""140""";31.12.2013;1.123;606;1.003;120;156;193;126;150;176;322;642
8335043;Konstanz;.;Stadt Konstanz;.;31.12.2013;82557;43120;71903;10654;11686;20055;9858;11172;10178;19608;46932
8335043;Konstanz;"""010""";Altstadt;"""0101""";31.12.2012;1259;613;1.000;259;124;392;257;193;104;189;887
8335043;Konstanz;"""010""";Altstadt;"""0102""";31.12.2012;1700;840;1.387;313;213;435;286;250;207;309;1055
8335043;Konstanz;"""010""";Altstadt;"""0103""";31.12.2012;2850;1511;2.540;310;433;602;431;442;331;611;1721
8335043;Konstanz;"""010""";Altstadt;"""0104""";31.12.2012;2131;1202;1.968;163;314;428;297;311;261;520;1257
8335043;Konstanz;"""010""";Altstadt;"""0105""";31.12.2012;1303;698;1.174;129;185;355;225;204;146;188;814
8335043;Konstanz;"""010""";Altstadt;"""0106""";31.12.2012;1234;620;1.069;165;92;405;239;161;131;206;875
8335043;Konstanz;"""010""";Altstadt;"""0107""";31.12.2012;1417;754;1.213;204;143;387;237;195;145;310;1007
8335043;Konstanz;"""010""";Altstadt;"""010""";31.12.2012;11894;6238;10351;1543;1504;3004;1972;1756;1325;2333;7616
8335043;Konstanz;"""020""";Paradies;"""0201""";31.12.2012;2805;1526;2.554;251;393;489;365;461;337;760;1682
8335043;Konstanz;"""020""";Paradies;"""0202""";31.12.2012;1502;870;1.343;159;182;247;209;204;157;503;929
8335043;Konstanz;"""020""";Paradies;"""0203""";31.12.2012;892;380;581;311;4;852;26;8;NA;NA;603
8335043;Konstanz;"""020""";Paradies;"""0204""";31.12.2012;614;309;591;23;117;106;72;119;NA;NA;315
8335043;Konstanz;"""020""";Paradies;"""020""";31.12.2012;5813;3085;5069;744;696;1694;672;792;572;1387;3529
8335043;Konstanz;"""030""";Petershausen-West;"""0301""";31.12.2012;970;505;762;208;130;266;142;128;115;189;595
8335043;Konstanz;"""030""";Petershausen-West;"""0302""";31.12.2012;1693;851;1.232;461;308;446;235;224;171;309;848
8335043;Konstanz;"""030""";Petershausen-West;"""0303""";31.12.2012;5099;2648;4.300;799;679;1759;721;621;506;813;3086
8335043;Konstanz;"""030""";Petershausen-West;"""0304""";31.12.2012;2953;1464;2.334;619;291;974;379;349;336;624;1934
8335043;Konstanz;"""030""";Petershausen-West;"""0305""";31.12.2012;1705;913;1.560;145;248;393;174;258;222;410;962
8335043;Konstanz;"""030""";Petershausen-West;"""0306""";31.12.2012;1782;899;1.557;225;208;582;225;229;221;317;1062
8335043;Konstanz;"""030""";Petershausen-West;"""030""";31.12.2012;14202;7280;11745;2457;1864;4420;1876;1809;1571;2662;8487
8335043;Konstanz;"""035""";Petershausen-Ost;"""0351""";31.12.2012;1915;1111;1.704;211;252;485;208;228;220;522;1181
8335043;Konstanz;"""035""";Petershausen-Ost;"""0352""";31.12.2012;1298;729;1.222;76;186;213;130;184;173;412;721
8335043;Konstanz;"""035""";Petershausen-Ost;"""0353""";31.12.2012;1251;663;1.153;98;174;193;106;206;173;399;764
8335043;Konstanz;"""035""";Petershausen-Ost;"""0354""";31.12.2012;1091;654;1.037;54;124;56;74;130;87;620;625
8335043;Konstanz;"""035""";Petershausen-Ost;"""0355""";31.12.2012;1337;692;1.254;83;209;266;130;210;159;363;712
8335043;Konstanz;"""035""";Petershausen-Ost;"""035""";31.12.2012;6892;3849;6370;522;945;1213;648;958;812;2316;4003
8335043;Konstanz;"""040""";Koenigsbau;"""0401""";31.12.2012;1155;635;1.057;98;137;332;92;147;137;310;692
8335043;Konstanz;"""040""";Koenigsbau;"""0402""";31.12.2012;1519;815;1.221;298;355;272;173;221;196;302;704
8335043;Konstanz;"""040""";Koenigsbau;"""0403""";31.12.2012;2008;957;1.586;422;199;1008;164;154;150;333;1130
8335043;Konstanz;"""040""";Koenigsbau;"""0404""";31.12.2012;887;460;803;84;153;171;110;119;116;218;470
8335043;Konstanz;"""040""";Koenigsbau;"""040""";31.12.2012;5569;2867;4667;902;844;1783;539;641;599;1163;2996
8335043;Konstanz;"""050""";Allmannsdorf;"""0501""";31.12.2012;1660;890;1.561;99;266;260;136;252;200;546;884
8335043;Konstanz;"""050""";Allmannsdorf;"""0502""";31.12.2012;1360;719;1.238;122;213;281;125;198;183;360;754
8335043;Konstanz;"""050""";Allmannsdorf;"""0503""";31.12.2012;2207;1148;1.991;216;293;531;205;307;311;560;1314
8335043;Konstanz;"""050""";Allmannsdorf;"""050""";31.12.2012;5227;2757;4790;437;772;1072;466;757;694;1466;2952
8335043;Konstanz;"""060""";Staad;"""0601""";31.12.2012;996;537;938;58;120;121;100;158;119;378;595
8335043;Konstanz;"""060""";Staad;"""0602""";31.12.2012;765;399;720;45;105;110;93;116;93;248;418
8335043;Konstanz;"""060""";Staad;"""060""";31.12.2012;1761;936;1658;103;225;231;193;274;212;626;1013
8335043;Konstanz;"""070""";Fuerstenberg;"""0701""";31.12.2012;4057;2151;3.375;682;606;1109;471;558;494;819;2300
8335043;Konstanz;"""070""";Fuerstenberg;"""0702""";31.12.2012;2982;1514;2.719;263;341;658;301;392;392;898;1756
8335043;Konstanz;"""070""";Fuerstenberg;"""0703""";31.12.2012;2046;1092;1.847;199;320;389;191;267;255;624;1114
8335043;Konstanz;"""070""";Fuerstenberg;"""0704""";31.12.2012;2578;1331;2.074;504;333;672;306;314;323;630;1518
8335043;Konstanz;"""070""";Fuerstenberg;"""070""";31.12.2012;11663;6088;10015;1648;1600;2828;1269;1531;1464;2971;6688
8335043;Konstanz;"""080""";Wollmatingen;"""0801""";31.12.2012;2599;1374;2.175;424;506;486;308;433;318;548;1269
8335043;Konstanz;"""080""";Wollmatingen;"""0802""";31.12.2012;1956;988;1.770;186;456;287;237;392;224;360;923
8335043;Konstanz;"""080""";Wollmatingen;"""0803""";31.12.2012;1802;945;1.640;162;323;330;213;316;223;397;932
8335043;Konstanz;"""080""";Wollmatingen;"""080""";31.12.2012;6357;3307;5585;772;1285;1103;758;1141;765;1305;3124
8335043;Konstanz;"""090""";Industriegebiet;"""0901""";31.12.2012;748;354;563;185;130;164;95;130;101;128;386
8335043;Konstanz;"""090""";Industriegebiet;"""0902""";31.12.2012;121;55;93;28;16;27;18;24;20;16;73
8335043;Konstanz;"""090""";Industriegebiet;"""0903""";31.12.2012;46;16;41;5;5;7;5;5;11;13;32
8335043;Konstanz;"""090""";Industriegebiet;"""090""";31.12.2012;915;425;697;218;151;198;118;159;132;157;491
8335043;Konstanz;"""100""";Egg;"""1001""";31.12.2012;731;353;707;24;149;135;86;133;106;122;333
8335043;Konstanz;"""100""";Egg;"""100""";31.12.2012;731;353;707;24;149;135;86;133;106;122;333
8335043;Konstanz;"""110""";Litzelstetten;"""1101""";31.12.2012;1716;888;1.602;114;NA;246;155;287;219;NA;927
8335043;Konstanz;"""110""";Litzelstetten;"""1102""";31.12.2012;2060;1078;1.908;152;272;319;196;316;317;640;1145
8335043;Konstanz;"""110""";Litzelstetten;"""1103""";31.12.2012;34;14;14;20;NA;11;6;4;8;NA;23
8335043;Konstanz;"""110""";Litzelstetten;"""110""";31.12.2012;3810;1980;3524;286;537;576;357;607;544;1189;2095
8335043;Konstanz;"""120""";Dingelsdorf;"""1201""";31.12.2012;1787;911;1.693;94;287;318;156;279;289;458;935
8335043;Konstanz;"""120""";Dingelsdorf;"""1202""";31.12.2012;334;154;304;30;54;53;31;51;65;80;167
8335043;Konstanz;"""120""";Dingelsdorf;"""120""";31.12.2012;2121;1065;1997;124;341;371;187;330;354;538;1102
8335043;Konstanz;"""130""";Dettingen;"""1301""";31.12.2012;1293;676;1.216;77;209;175;119;172;192;426;625
8335043;Konstanz;"""130""";Dettingen;"""1302""";31.12.2012;1768;915;1.680;88;294;277;166;285;257;489;866
8335043;Konstanz;"""130""";Dettingen;"""130""";31.12.2012;3061;1591;2896;165;503;452;285;457;449;915;1491
8335043;Konstanz;"""140""";Wallhausen;"""1401""";31.12.2012;1123;609;1.028;95;158;213;108;163;164;317;689
8335043;Konstanz;"""140""";Wallhausen;"""140""";31.12.2012;1123;609;1028;95;158;213;108;163;164;317;689
8335043;Konstanz;.;Stadt Konstanz;.;31.12.2012;81139;42430;71099;10040;11574;19293;9534;11508;9763;19467;46609
8335043;Konstanz;"""010""";Altstadt;"""0101""";31.12.2011;1236;611;1.007;229;125;375;236;207;106;187;845
8335043;Konstanz;"""010""";Altstadt;"""0102""";31.12.2011;1706;835;1.413;293;218;434;292;253;208;301;1056
8335043;Konstanz;"""010""";Altstadt;"""0103""";31.12.2011;2887;1553;2.545;342;451;581;475;456;323;601;1727
8335043;Konstanz;"""010""";Altstadt;"""0104""";31.12.2011;2114;1170;1.951;163;306;425;289;325;241;528;1239
8335043;Konstanz;"""010""";Altstadt;"""0105""";31.12.2011;1300;696;1.170;130;191;345;231;222;129;182;813
8335043;Konstanz;"""010""";Altstadt;"""0106""";31.12.2011;1203;610;1.033;170;101;386;218;163;128;207;841
8335043;Konstanz;"""010""";Altstadt;"""0107""";31.12.2011;1420;746;1.187;233;140;379;252;200;145;304;991
8335043;Konstanz;"""010""";Altstadt;"""010""";31.12.2011;11866;6221;10306;1560;1532;2925;1993;1826;1280;2310;7512
8335043;Konstanz;"""020""";Paradies;"""0201""";31.12.2011;2816;1535;2.560;256;397;492;369;463;330;765;1669
8335043;Konstanz;"""020""";Paradies;"""0202""";31.12.2011;1515;873;1.367;148;197;242;195;208;162;511;919
8335043;Konstanz;"""020""";Paradies;"""0203""";31.12.2011;885;367;571;314;5;840;31;7;NA;NA;574
8335043;Konstanz;"""020""";Paradies;"""0204""";31.12.2011;592;300;575;17;112;101;75;115;NA;NA;303
8335043;Konstanz;"""020""";Paradies;"""020""";31.12.2011;5808;3075;5073;735;711;1675;670;793;563;1396;3465
8335043;Konstanz;"""030""";Petershausen-West;"""0301""";31.12.2011;986;523;787;199;143;263;137;135;108;200;581
8335043;Konstanz;"""030""";Petershausen-West;"""0302""";31.12.2011;1534;778;1.104;430;256;414;180;216;179;289;785
8335043;Konstanz;"""030""";Petershausen-West;"""0303""";31.12.2011;4673;2433;3.928;745;570;1629;626;630;447;771;2824
8335043;Konstanz;"""030""";Petershausen-West;"""0304""";31.12.2011;2917;1437;2.296;621;293;937;358;382;330;617;1854
8335043;Konstanz;"""030""";Petershausen-West;"""0305""";31.12.2011;1695;918;1.527;168;268;366;177;267;220;397;960
8335043;Konstanz;"""030""";Petershausen-West;"""0306""";31.12.2011;1631;814;1.399;232;180;518;187;240;205;301;989
8335043;Konstanz;"""030""";Petershausen-West;"""030""";31.12.2011;13436;6903;11041;2395;1710;4127;1665;1870;1489;2575;7993
8335043;Konstanz;"""035""";Petershausen-Ost;"""0351""";31.12.2011;1918;1106;1.699;219;255;476;221;246;202;518;1160
8335043;Konstanz;"""035""";Petershausen-Ost;"""0352""";31.12.2011;1260;718;1.189;71;177;184;136;169;175;419;713
8335043;Konstanz;"""035""";Petershausen-Ost;"""0353""";31.12.2011;1240;652;1.141;99;171;181;112;220;160;396;753
8335043;Konstanz;"""035""";Petershausen-Ost;"""0354""";31.12.2011;1090;649;1.042;48;134;59;73;127;95;602;618
8335043;Konstanz;"""035""";Petershausen-Ost;"""0355""";31.12.2011;1320;687;1.242;78;208;262;125;197;165;363;699
8335043;Konstanz;"""035""";Petershausen-Ost;"""035""";31.12.2011;6828;3812;6313;515;945;1162;667;959;797;2298;3943
8335043;Konstanz;"""040""";Koenigsbau;"""0401""";31.12.2011;1156;641;1.057;99;141;323;90;168;132;302;685
8335043;Konstanz;"""040""";Koenigsbau;"""0402""";31.12.2011;1535;826;1.239;296;371;268;169;225;198;304;694
8335043;Konstanz;"""040""";Koenigsbau;"""0403""";31.12.2011;1972;956;1.476;496;211;952;187;153;151;318;1085
8335043;Konstanz;"""040""";Koenigsbau;"""0404""";31.12.2011;873;460;806;67;146;169;100;124;120;214;465
8335043;Konstanz;"""040""";Koenigsbau;"""040""";31.12.2011;5536;2883;4578;958;869;1712;546;670;601;1138;2929
8335043;Konstanz;"""050""";Allmannsdorf;"""0501""";31.12.2011;1659;886;1.574;85;273;248;136;266;187;549;876
8335043;Konstanz;"""050""";Allmannsdorf;"""0502""";31.12.2011;1348;722;1.219;129;206;275;117;209;182;359;736
8335043;Konstanz;"""050""";Allmannsdorf;"""0503""";31.12.2011;2267;1186;2.070;197;311;575;195;338;298;550;1338
8335043;Konstanz;"""050""";Allmannsdorf;"""050""";31.12.2011;5274;2794;4863;411;790;1098;448;813;667;1458;2950
8335043;Konstanz;"""060""";Staad;"""0601""";31.12.2011;985;522;928;57;117;117;99;158;122;372;582
8335043;Konstanz;"""060""";Staad;"""0602""";31.12.2011;725;379;678;47;93;100;81;114;92;245;404
8335043;Konstanz;"""060""";Staad;"""060""";31.12.2011;1710;901;1606;104;210;217;180;272;214;617;986
8335043;Konstanz;"""070""";Fuerstenberg;"""0701""";31.12.2011;4027;2118;3.406;621;615;1068;448;606;473;817;2247
8335043;Konstanz;"""070""";Fuerstenberg;"""0702""";31.12.2011;3028;1548;2.752;276;342;664;314;412;394;902;1763
8335043;Konstanz;"""070""";Fuerstenberg;"""0703""";31.12.2011;2060;1078;1.863;197;317;384;195;289;243;632;1083
8335043;Konstanz;"""070""";Fuerstenberg;"""0704""";31.12.2011;2565;1312;2.069;496;338;648;312;315;337;615;1487
8335043;Konstanz;"""070""";Fuerstenberg;"""070""";31.12.2011;11680;6056;10090;1590;1612;2764;1269;1622;1447;2966;6580
8335043;Konstanz;"""080""";Wollmatingen;"""0801""";31.12.2011;2564;1350;2.146;418;505;470;306;422;321;540;1243
8335043;Konstanz;"""080""";Wollmatingen;"""0802""";31.12.2011;1862;938;1.685;177;433;272;229;366;208;354;871
8335043;Konstanz;"""080""";Wollmatingen;"""0803""";31.12.2011;1806;943;1.667;139;346;304;206;346;203;401;912
8335043;Konstanz;"""080""";Wollmatingen;"""080""";31.12.2011;6232;3231;5498;734;1284;1046;741;1134;732;1295;3026
8335043;Konstanz;"""090""";Industriegebiet;"""0901""";31.12.2011;770;352;574;196;123;158;108;154;100;127;403
8335043;Konstanz;"""090""";Industriegebiet;"""0902""";31.12.2011;121;54;95;26;NA;23;20;29;16;15;71
8335043;Konstanz;"""090""";Industriegebiet;"""0903""";31.12.2011;42;17;37;5;NA;5;4;7;11;13;32
8335043;Konstanz;"""090""";Industriegebiet;"""090""";31.12.2011;933;423;706;227;143;186;132;190;127;155;506
8335043;Konstanz;"""100""";Egg;"""1001""";31.12.2011;699;336;676;23;144;136;78;133;94;114;319
8335043;Konstanz;"""100""";Egg;"""100""";31.12.2011;699;336;676;23;144;136;78;133;94;114;319
8335043;Konstanz;"""110""";Litzelstetten;"""1101""";31.12.2011;1739;904;1.629;110;273;241;176;302;194;NA;923
8335043;Konstanz;"""110""";Litzelstetten;"""1102""";31.12.2011;2034;1076;1.908;126;279;321;183;329;292;630;1127
8335043;Konstanz;"""110""";Litzelstetten;"""1103""";31.12.2011;37;16;16;21;4;12;6;7;7;NA;27
8335043;Konstanz;"""110""";Litzelstetten;"""110""";31.12.2011;3810;1996;3553;257;556;574;365;638;493;1184;2077
8335043;Konstanz;"""120""";Dingelsdorf;"""1201""";31.12.2011;1773;905;1.694;79;287;311;157;311;270;437;915
8335043;Konstanz;"""120""";Dingelsdorf;"""1202""";31.12.2011;330;159;316;14;54;55;29;51;59;82;158
8335043;Konstanz;"""120""";Dingelsdorf;"""120""";31.12.2011;2103;1064;2010;93;341;366;186;362;329;519;1073
8335043;Konstanz;"""130""";Dettingen;"""1301""";31.12.2011;1300;665;1.224;76;217;165;117;189;191;421;629
8335043;Konstanz;"""130""";Dettingen;"""1302""";31.12.2011;1755;911;1.666;89;299;244;180;283;259;490;839
8335043;Konstanz;"""130""";Dettingen;"""130""";31.12.2011;3055;1576;2890;165;516;409;297;472;450;911;1468
8335043;Konstanz;"""140""";Wallhausen;"""1401""";31.12.2011;1130;609;1.026;104;157;209;120;170;160;314;684
8335043;Konstanz;"""140""";Wallhausen;"""140""";31.12.2011;1130;609;1026;104;157;209;120;170;160;314;684
8335043;Konstanz;.;Stadt Konstanz;.;31.12.2011;80100;41880;70229;9871;11520;18606;9357;11924;9443;19250;45511
8335043;Konstanz;"""010""";Altstadt;"""0101""";31.12.2010;1250;612;1.012;238;137;377;237;208;98;193;842
8335043;Konstanz;"""010""";Altstadt;"""0102""";31.12.2010;1654;820;1.371;283;204;426;281;251;204;288;1001
8335043;Konstanz;"""010""";Altstadt;"""0103""";31.12.2010;2877;1547;2.549;328;458;571;446;470;330;602;1680
8335043;Konstanz;"""010""";Altstadt;"""0104""";31.12.2010;2109;1157;1.936;173;302;455;283;318;229;522;1222
8335043;Konstanz;"""010""";Altstadt;"""0105""";31.12.2010;1309;698;1.198;111;200;352;215;240;122;180;796
8335043;Konstanz;"""010""";Altstadt;"""0106""";31.12.2010;1198;613;1.041;157;101;399;192;183;120;203;807
8335043;Konstanz;"""010""";Altstadt;"""0107""";31.12.2010;1365;723;1.184;181;131;360;237;207;146;284;919
8335043;Konstanz;"""010""";Altstadt;"""010""";31.12.2010;11762;6170;10291;1471;1533;2940;1891;1877;1249;2272;7267
8335043;Konstanz;"""020""";Paradies;"""0201""";31.12.2010;2839;1530;2.578;261;400;498;372;492;307;770;1650
8335043;Konstanz;"""020""";Paradies;"""0202""";31.12.2010;1533;875;1.379;154;204;244;205;212;157;511;911
8335043;Konstanz;"""020""";Paradies;"""0203""";31.12.2010;1059;405;726;333;4;1013;34;6;NA;0;678
8335043;Konstanz;"""020""";Paradies;"""0204""";31.12.2010;586;295;565;21;110;99;78;115;NA;118;305
8335043;Konstanz;"""020""";Paradies;"""020""";31.12.2010;6017;3105;5248;769;718;1854;689;825;532;1399;3544
8335043;Konstanz;"""030""";Petershausen-West;"""0301""";31.12.2010;1009;544;798;211;159;262;135;137;113;203;568
8335043;Konstanz;"""030""";Petershausen-West;"""0302""";31.12.2010;1519;749;1.068;451;262;401;168;232;170;286;756
8335043;Konstanz;"""030""";Petershausen-West;"""0303""";31.12.2010;4481;2317;3.756;725;557;1557;601;605;405;756;2648
8335043;Konstanz;"""030""";Petershausen-West;"""0304""";31.12.2010;2903;1453;2.313;590;291;928;355;393;326;610;1831
8335043;Konstanz;"""030""";Petershausen-West;"""0305""";31.12.2010;1654;896;1.502;152;259;350;163;266;209;407;901
8335043;Konstanz;"""030""";Petershausen-West;"""0306""";31.12.2010;1642;830;1.409;233;187;494;212;247;208;294;973
8335043;Konstanz;"""030""";Petershausen-West;"""030""";31.12.2010;13208;6789;10846;2362;1715;3992;1634;1880;1431;2556;7677
8335043;Konstanz;"""035""";Petershausen-Ost;"""0351""";31.12.2010;1903;1103;1.688;215;263;456;213;246;212;513;1104
8335043;Konstanz;"""035""";Petershausen-Ost;"""0352""";31.12.2010;1257;715;1.179;78;171;191;136;183;160;416;693
8335043;Konstanz;"""035""";Petershausen-Ost;"""0353""";31.12.2010;1251;658;1.156;95;175;177;130;211;166;392;725
8335043;Konstanz;"""035""";Petershausen-Ost;"""0354""";31.12.2010;1012;617;972;40;112;57;62;116;76;589;564
8335043;Konstanz;"""035""";Petershausen-Ost;"""0355""";31.12.2010;1320;679;1.232;88;213;246;127;206;156;372;682
8335043;Konstanz;"""035""";Petershausen-Ost;"""035""";31.12.2010;6743;3772;6227;516;934;1127;668;962;770;2282;3768
8335043;Konstanz;"""040""";Koenigsbau;"""0401""";31.12.2010;1133;619;1.047;86;145;298;96;168;121;305;645
8335043;Konstanz;"""040""";Koenigsbau;"""0402""";31.12.2010;1546;826;1.243;303;384;272;168;231;186;305;683
8335043;Konstanz;"""040""";Koenigsbau;"""0403""";31.12.2010;1672;872;1.221;451;206;683;163;153;157;310;893
8335043;Konstanz;"""040""";Koenigsbau;"""0404""";31.12.2010;871;459;806;65;153;169;94;133;110;212;463
8335043;Konstanz;"""040""";Koenigsbau;"""040""";31.12.2010;5222;2776;4317;905;888;1422;521;685;574;1132;2684
8335043;Konstanz;"""050""";Allmannsdorf;"""0501""";31.12.2010;1656;887;1.573;83;268;247;133;278;177;553;862
8335043;Konstanz;"""050""";Allmannsdorf;"""0502""";31.12.2010;1383;744;1.238;145;227;272;128;220;173;363;719
8335043;Konstanz;"""050""";Allmannsdorf;"""0503""";31.12.2010;2229;1178;2.060;169;313;551;203;333;286;543;1258
8335043;Konstanz;"""050""";Allmannsdorf;"""050""";31.12.2010;5268;2809;4871;397;808;1070;464;831;636;1459;2839
8335043;Konstanz;"""060""";Staad;"""0601""";31.12.2010;1012;529;951;61;122;121;108;158;121;382;573
8335043;Konstanz;"""060""";Staad;"""0602""";31.12.2010;735;381;679;56;102;106;79;103;95;250;394
8335043;Konstanz;"""060""";Staad;"""060""";31.12.2010;1747;910;1630;117;224;227;187;261;216;632;967
8335043;Konstanz;"""070""";Fuerstenberg;"""0701""";31.12.2010;4024;2112;3.425;599;634;1050;458;641;443;798;2196
8335043;Konstanz;"""070""";Fuerstenberg;"""0702""";31.12.2010;2984;1536;2.718;266;335;655;304;415;386;889;1684
8335043;Konstanz;"""070""";Fuerstenberg;"""0703""";31.12.2010;2038;1082;1.843;195;307;371;191;300;232;637;1059
8335043;Konstanz;"""070""";Fuerstenberg;"""0704""";31.12.2010;2565;1311;2.049;516;322;620;324;342;329;628;1470
8335043;Konstanz;"""070""";Fuerstenberg;"""070""";31.12.2010;11611;6041;10035;1576;1598;2696;1277;1698;1390;2952;6409
8335043;Konstanz;"""080""";Wollmatingen;"""0801""";31.12.2010;2544;1325;2.125;419;517;451;305;420;323;528;1221
8335043;Konstanz;"""080""";Wollmatingen;"""0802""";31.12.2010;1818;920;1.645;173;425;261;232;368;191;341;834
8335043;Konstanz;"""080""";Wollmatingen;"""0803""";31.12.2010;1775;918;1.645;130;331;296;221;353;176;398;892
8335043;Konstanz;"""080""";Wollmatingen;"""080""";31.12.2010;6137;3163;5415;722;1273;1008;758;1141;690;1267;2947
8335043;Konstanz;"""090""";Industriegebiet;"""0901""";31.12.2010;744;360;560;184;130;157;95;150;90;122;385
8335043;Konstanz;"""090""";Industriegebiet;"""0902""";31.12.2010;129;55;98;NA;15;29;22;30;18;15;78
8335043;Konstanz;"""090""";Industriegebiet;"""0903""";31.12.2010;35;12;32;NA;0;4;4;5;10;12;27
8335043;Konstanz;"""090""";Industriegebiet;"""090""";31.12.2010;908;427;690;218;145;190;121;185;118;149;490
8335043;Konstanz;"""100""";Egg;"""1001""";31.12.2010;646;311;625;21;131;125;69;118;95;108;293
8335043;Konstanz;"""100""";Egg;"""100""";31.12.2010;646;311;625;21;131;125;69;118;95;108;293
8335043;Konstanz;"""110""";Litzelstetten;"""1101""";31.12.2010;1736;908;1.636;100;268;259;173;296;198;NA;882
8335043;Konstanz;"""110""";Litzelstetten;"""1102""";31.12.2010;2083;1111;1.960;123;302;338;186;361;282;614;1107
8335043;Konstanz;"""110""";Litzelstetten;"""1103""";31.12.2010;35;13;14;21;4;10;5;9;5;NA;25
8335043;Konstanz;"""110""";Litzelstetten;"""110""";31.12.2010;3854;2032;3610;244;574;607;364;666;485;1158;2014
8335043;Konstanz;"""120""";Dingelsdorf;"""1201""";31.12.2010;1766;913;1.684;82;291;291;164;315;274;431;847
8335043;Konstanz;"""120""";Dingelsdorf;"""1202""";31.12.2010;316;156;303;13;50;45;29;50;57;85;146
8335043;Konstanz;"""120""";Dingelsdorf;"""120""";31.12.2010;2082;1069;1987;95;341;336;193;365;331;516;993
8335043;Konstanz;"""130""";Dettingen;"""1301""";31.12.2010;1264;651;1.199;65;200;176;107;182;181;418;608
8335043;Konstanz;"""130""";Dettingen;"""1302""";31.12.2010;1805;948;1.720;85;309;269;178;297;276;476;850
8335043;Konstanz;"""130""";Dettingen;"""130""";31.12.2010;3069;1599;2919;150;509;445;285;479;457;894;1458
8335043;Konstanz;"""140""";Wallhausen;"""1401""";31.12.2010;1116;600;1.010;106;167;181;129;183;146;310;613
8335043;Konstanz;"""140""";Wallhausen;"""140""";31.12.2010;1116;600;1010;106;167;181;129;183;146;310;613
8335043;Konstanz;.;Stadt Konstanz;.;31.12.2010;79390;41573;69721;9669;11558;18220;9250;12156;9120;19086;43963
